air_temp,dhi,dni,ghi,zenith,azimuth,Period_Start,ACST_Start
23.2,116.2,691.6,452.4,61,-85,10.21 22:30,10.22 8:00
23.32,129.8,654,458,60,-84,10.21 22:35,10.22 8:05
23.42,130.6,662.2,473.6,59,-83.2,10.21 22:40,10.22 8:10
23.52,131.8,661.2,484.8,58,-83,10.21 22:45,10.22 8:15
23.64,128.6,667.6,495.4,56.8,-82,10.21 22:50,10.22 8:20
23.74,124.2,673.6,504.6,55.8,-81,10.21 22:55,10.22 8:25
23.92,112.8,679.2,506.8,54.8,-80.2,10.21 23:00,10.22 8:30
24.1,102.8,684.8,510,53.8,-80,10.21 23:05,10.22 8:35
24.32,137.8,600,503.4,52,-79,10.21 23:10,10.22 8:40
24.52,133,626.6,523.6,51,-78,10.21 23:15,10.22 8:45
24.72,127.8,619.8,522.8,50,-77,10.21 23:20,10.22 8:50
24.94,125,608,521.2,49,-76.2,10.21 23:25,10.22 8:55
25.12,113.8,645,542.8,48,-75.2,10.21 23:30,10.22 9:00
25.34,109.8,660.6,558.2,47,-74.2,10.21 23:35,10.22 9:05
25.54,98.2,702.6,584.6,46,-74,10.21 23:40,10.22 9:10
25.74,97,719.2,604,45,-73,10.21 23:45,10.22 9:15
25.96,101.8,722.4,619.8,44,-72,10.21 23:50,10.22 9:20
26.14,106.8,725.4,636,43,-71,10.21 23:55,10.22 9:25
26.34,113.8,729,654.6,42,-70,10.22 00:00,10.22 9:30
26.5,124.8,731.8,676.2,41,-68.2,10.22 00:05,10.22 9:35
26.66,173.2,734.2,735,40,-67.2,10.22 00:10,10.22 9:40
26.8,144,841.2,796.4,39,-66.2,10.22 00:15,10.22 9:45
26.98,118,902,827.6,38,-65,10.22 00:20,10.22 9:50
27.16,114.6,913.8,842.8,37,-64,10.22 00:25,10.22 9:55
27.26,115.4,916.2,855.2,36,-62.2,10.22 00:30,10.22 10:00
27.44,134.8,882.2,855,35,-61.2,10.22 00:35,10.22 10:05
27.62,139.6,876,863.4,34,-60,10.22 00:40,10.22 10:10
27.76,142.4,875.2,873.4,33,-58.2,10.22 00:45,10.22 10:15
27.92,118.8,925.2,899.2,32.8,-57,10.22 00:50,10.22 10:20
28.08,135.4,897,899.4,31.8,-55.2,10.22 00:55,10.22 10:25
28.22,150.8,870.8,899.4,30.8,-53.2,10.22 01:00,10.22 10:30
28.34,179,820.4,890.4,30,-52,10.22 01:05,10.22 10:35
28.48,154.2,872,916.2,29,-50,10.22 01:10,10.22 10:40
28.62,187.8,809,900.8,28,-48,10.22 01:15,10.22 10:45
28.74,198.2,793.2,902.2,27,-46,10.22 01:20,10.22 10:50
28.88,193.2,806.2,913.4,26.8,-44,10.22 01:25,10.22 10:55
29.02,215.6,761.6,899.8,26,-42,10.22 01:30,10.22 11:00
29.16,230.6,725.4,886.2,25,-39.2,10.22 01:35,10.22 11:05
29.28,195.2,730.6,859.4,24.8,-37,10.22 01:40,10.22 11:10
29.42,156.6,736.2,829,24,-34.2,10.22 01:45,10.22 11:15
29.56,149,712.2,802.4,23,-32,10.22 01:50,10.22 11:20
29.68,146.8,684.2,777,23,-29,10.22 01:55,10.22 11:25
29.74,148.8,689,785.6,22,-26,10.22 02:00,10.22 11:30
29.84,165.4,679.6,795.6,22,-23,10.22 02:05,10.22 11:35
29.86,198.6,732.2,879.6,21.8,-20,10.22 02:10,10.22 11:40
29.92,254,706.4,912.6,21,-16.2,10.22 02:15,10.22 11:45
29.96,232.2,731.6,915.8,21,-13,10.22 02:20,10.22 11:50
30.04,204.8,752,907.6,20.8,-10,10.22 02:25,10.22 11:55
30.06,218.2,741.4,912,20.8,-6,10.22 02:30,10.22 12:00
30.14,287.4,619.2,867.6,20.8,-3,10.22 02:35,10.22 12:05
30.18,291.8,612.2,864.8,20.8,1,10.22 02:40,10.22 12:10
30.24,284.6,631.6,876,20.8,4,10.22 02:45,10.22 12:15
30.28,293,617.6,870.8,20.8,8,10.22 02:50,10.22 12:20
30.36,292.4,614.6,866.8,21,11,10.22 02:55,10.22 12:25
30.36,275.2,537.4,776.8,21,15,10.22 03:00,10.22 12:30
30.44,210,544.4,716.8,21,18,10.22 03:05,10.22 12:35
30.46,279.2,568.6,807.2,21.8,21,10.22 03:10,10.22 12:40
30.5,241.6,665.2,857.8,22,24.2,10.22 03:15,10.22 12:45
30.56,234,666.4,849.6,22.8,27.2,10.22 03:20,10.22 12:50
30.6,221.8,665.2,834,23,30.2,10.22 03:25,10.22 12:55
30.62,213,640.6,799.8,23.8,33,10.22 03:30,10.22 13:00
30.66,250,617,812.2,24,35.2,10.22 03:35,10.22 13:05
30.72,279.4,639,858.8,25,38,10.22 03:40,10.22 13:10
30.76,317.4,539,803.6,25.8,40.2,10.22 03:45,10.22 13:15
30.78,300.4,582.6,822.6,26,43,10.22 03:50,10.22 13:20
30.86,246.8,703.4,873.6,27,45,10.22 03:55,10.22 13:25
30.86,235.6,718.8,871.6,28,47,10.22 04:00,10.22 13:30
30.82,216.6,687.2,820.2,28.8,49,10.22 04:05,10.22 13:35
30.84,213.6,663.2,791.6,29,51,10.22 04:10,10.22 13:40
30.78,240.6,610.6,768.2,30,53,10.22 04:15,10.22 13:45
30.76,196.8,645.8,750.2,31,54.2,10.22 04:20,10.22 13:50
30.74,231.2,680.6,808.4,32,56,10.22 04:25,10.22 13:55
30.74,226.8,653.4,775.6,33,58,10.22 04:30,10.22 14:00
30.72,242,624.8,761.6,34,59.2,10.22 04:35,10.22 14:05
30.7,203.2,582.6,682.6,35,60.2,10.22 04:40,10.22 14:10
30.64,253.4,522.2,677.6,35.8,62,10.22 04:45,10.22 14:15
30.66,228.2,608.8,717.4,36.8,63.2,10.22 04:50,10.22 14:20
30.62,204.6,726,780,37.8,64.2,10.22 04:55,10.22 14:25
30.64,189.2,755,780.2,38.8,66,10.22 05:00,10.22 14:30
30.6,250.8,608.8,720.8,39.8,67,10.22 05:05,10.22 14:35
30.54,193.6,731.6,750,40.8,68,10.22 05:10,10.22 14:40
30.54,198,700.2,722.6,41.8,69.2,10.22 05:15,10.22 14:45
30.48,190.4,704.4,709.6,42.8,70.2,10.22 05:20,10.22 14:50
30.46,217.4,617.4,665,43.8,71.2,10.22 05:25,10.22 14:55
30.46,196.6,581,610.6,44.8,72.2,10.22 05:30,10.22 15:00
30.44,182.6,545.8,564.6,45.8,73.2,10.22 05:35,10.22 15:05
30.38,181.6,553.8,562,46.8,74,10.22 05:40,10.22 15:10
30.38,189.6,549.8,560.4,47.8,75,10.22 05:45,10.22 15:15
30.34,258.4,460.4,562.4,49,76,10.22 05:50,10.22 15:20
30.3,226.6,490,543.6,50,77,10.22 05:55,10.22 15:25
30.28,234,427.4,504.4,51,78,10.22 06:00,10.22 15:30
30.2,152.2,484,451.6,52,78.2,10.22 06:05,10.22 15:35
30.14,159.6,476.4,447,53,79.2,10.22 06:10,10.22 15:40
30.08,181.2,472.4,459.4,54,80,10.22 06:15,10.22 15:45
30.02,170,521.4,469.4,55,81,10.22 06:20,10.22 15:50
29.94,157,519.4,447.4,56,81.2,10.22 06:25,10.22 15:55
29.88,147.2,552.4,447.4,57,82.2,10.22 06:30,10.22 16:00
29.82,177,451.4,415.2,58,83,10.22 06:35,10.22 16:05
29.74,185.4,479,430.6,59,84,10.22 06:40,10.22 16:10
29.68,149,592.6,442.8,60,84.2,10.22 06:45,10.22 16:15
29.62,155.8,539,414.2,61,85,10.22 06:50,10.22 16:20
29.54,142.6,518.8,383,62,86,10.22 06:55,10.22 16:25
29.48,159.6,446.4,358.6,63,86.2,10.22 07:00,10.22 16:30
29.42,151,404,324.4,64.8,87.2,10.22 07:05,10.22 16:35
29.3,135.4,422,309.6,65.8,88,10.22 07:10,10.22 16:40
29.2,119.6,435.2,292,67,88.2,10.22 07:15,10.22 16:45
29.12,121.8,400.2,273.4,68,89,10.22 07:20,10.22 16:50
29.02,104.4,395.4,247.2,69,90,10.22 07:25,10.22 16:55
28.96,108.6,361,232.4,70,90.2,10.22 07:30,10.22 17:00
28.86,108.6,326,215,71,91,10.22 07:35,10.22 17:05
28.78,104,276.2,189,72,92,10.22 07:40,10.22 17:10
28.68,89.2,257.6,163.8,73,92.2,10.22 07:45,10.22 17:15
28.56,83.8,252,152.2,74,93,10.22 07:50,10.22 17:20
28.5,73.4,260.4,139.6,75,94,10.22 07:55,10.22 17:25
28.36,69.4,231.6,124.2,76,94.2,10.22 08:00,10.22 17:30
28.18,63.6,221.4,111.8,77,95,10.22 08:05,10.22 17:35
27.98,52.4,210.2,94.2,78,95.2,10.22 08:10,10.22 17:40
27.78,42.2,198.2,78.2,79.8,96,10.22 08:15,10.22 17:45
27.58,46.2,185.4,76.4,80.8,97,10.22 08:20,10.22 17:50
27.38,38.8,224,71.4,82,97.2,10.22 08:25,10.22 17:55
27.22,38.8,155.2,58.4,83,98,10.22 08:30,10.22 18:00
27.02,28.2,138.2,43.2,84,99,10.22 08:35,10.22 18:05
26.82,24.4,97.6,33.2,85,99.2,10.22 08:40,10.22 18:10
26.62,19.4,53,24.2,86,100,10.22 08:45,10.22 18:15
26.42,13.8,32,16.4,87,100.2,10.22 08:50,10.22 18:20
26.24,9,15.4,10.4,88,101,10.22 08:55,10.22 18:25
26.02,4.2,4.4,4.6,89,102,10.22 09:00,10.22 18:30
25.76,0,0,0,90,102.2,10.22 09:05,10.22 18:35
25.5,0,0,0,91,103,10.22 09:10,10.22 18:40
25.24,0,0,0,92,104,10.22 09:15,10.22 18:45
24.98,0,0,0,93,104.2,10.22 09:20,10.22 18:50
24.74,0,0,0,94,105,10.22 09:25,10.22 18:55
24.46,0,0,0,95,106,10.22 09:30,10.22 19:00
24.22,0,0,0,96,106.2,10.22 09:35,10.22 19:05
23.96,0,0,0,97,107,10.22 09:40,10.22 19:10
23.7,0,0,0,98,108,10.22 09:45,10.22 19:15
23.44,0,0,0,99,108.2,10.22 09:50,10.22 19:20
23.18,0,0,0,100,109,10.22 09:55,10.22 19:25
23.02,0,0,0,101,110,10.22 10:00,10.22 19:30
22.92,0,0,0,102,111,10.22 10:05,10.22 19:35
22.84,0,0,0,103,111.2,10.22 10:10,10.22 19:40
22.76,0,0,0,104,112,10.22 10:15,10.22 19:45
22.66,0,0,0,105,113,10.22 10:20,10.22 19:50
22.58,0,0,0,106,114,10.22 10:25,10.22 19:55
22.48,0,0,0,107,114.2,10.22 10:30,10.22 20:00
22.4,0,0,0,108,115,10.22 10:35,10.22 20:05
22.3,0,0,0,109,116,10.22 10:40,10.22 20:10
22.22,0,0,0,110,117,10.22 10:45,10.22 20:15
22.14,0,0,0,111,118,10.22 10:50,10.22 20:20
22.04,0,0,0,112,118.2,10.22 10:55,10.22 20:25
21.94,0,0,0,113,119.2,10.22 11:00,10.22 20:30
21.8,0,0,0,114,120,10.22 11:05,10.22 20:35
21.64,0,0,0,115,121,10.22 11:10,10.22 20:40
21.5,0,0,0,116,122,10.22 11:15,10.22 20:45
21.36,0,0,0,117,123,10.22 11:20,10.22 20:50
21.2,0,0,0,117.8,124,10.22 11:25,10.22 20:55
21.04,0,0,0,118.8,125,10.22 11:30,10.22 21:00
20.88,0,0,0,119,126,10.22 11:35,10.22 21:05
20.74,0,0,0,120,127,10.22 11:40,10.22 21:10
20.58,0,0,0,121,128,10.22 11:45,10.22 21:15
20.42,0,0,0,122,129,10.22 11:50,10.22 21:20
20.28,0,0,0,123,130,10.22 11:55,10.22 21:25
20.16,0,0,0,123.8,131,10.22 12:00,10.22 21:30
20.08,0,0,0,124,132,10.22 12:05,10.22 21:35
20,0,0,0,125,133.2,10.22 12:10,10.22 21:40
19.9,0,0,0,126,134.2,10.22 12:15,10.22 21:45
19.8,0,0,0,126.8,136,10.22 12:20,10.22 21:50
19.7,0,0,0,127,137,10.22 12:25,10.22 21:55
19.6,0,0,0,128,138,10.22 12:30,10.22 22:00
19.52,0,0,0,129,139.2,10.22 12:35,10.22 22:05
19.4,0,0,0,129.8,141,10.22 12:40,10.22 22:10
19.32,0,0,0,130,142,10.22 12:45,10.22 22:15
19.22,0,0,0,131,144,10.22 12:50,10.22 22:20
19.14,0,0,0,131.8,145,10.22 12:55,10.22 22:25
19.08,0,0,0,132,146.2,10.22 13:00,10.22 22:30
19,0,0,0,132.8,148,10.22 13:05,10.22 22:35
18.98,0,0,0,133,149.2,10.22 13:10,10.22 22:40
18.92,0,0,0,133.8,151,10.22 13:15,10.22 22:45
18.86,0,0,0,134,152.2,10.22 13:20,10.22 22:50
18.82,0,0,0,134.8,154,10.22 13:25,10.22 22:55
18.76,0,0,0,135,156,10.22 13:30,10.22 23:00
18.72,0,0,0,135.8,157,10.22 13:35,10.22 23:05
18.66,0,0,0,136,159,10.22 13:40,10.22 23:10
18.6,0,0,0,136,161,10.22 13:45,10.22 23:15
18.58,0,0,0,136.8,162,10.22 13:50,10.22 23:20
18.5,0,0,0,137,164,10.22 13:55,10.22 23:25
18.46,0,0,0,137,166,10.22 14:00,10.22 23:30
18.36,0,0,0,137.8,168,10.22 14:05,10.22 23:35
18.24,0,0,0,137.8,169.2,10.22 14:10,10.22 23:40
18.12,0,0,0,138,171,10.22 14:15,10.22 23:45
18.04,0,0,0,138,173,10.22 14:20,10.22 23:50
17.92,0,0,0,138,175,10.22 14:25,10.22 23:55
17.84,0,0,0,138,177,10.22 14:30,10.23 0:00
17.72,0,0,0,138,179,10.22 14:35,10.23 0:05
17.64,0,0,0,138,-180,10.22 14:40,10.23 0:10
17.52,0,0,0,138,-178,10.22 14:45,10.23 0:15
17.4,0,0,0,138,-176,10.22 14:50,10.23 0:20
17.3,0,0,0,138,-174,10.22 14:55,10.23 0:25
17.26,0,0,0,138,-172,10.22 15:00,10.23 0:30
17.16,0,0,0,138,-170,10.22 15:05,10.23 0:35
17.12,0,0,0,137.8,-169,10.22 15:10,10.23 0:40
17.06,0,0,0,137,-167,10.22 15:15,10.23 0:45
16.98,0,0,0,137,-165,10.22 15:20,10.23 0:50
16.92,0,0,0,137,-163,10.22 15:25,10.23 0:55
16.88,0,0,0,136.8,-162,10.22 15:30,10.23 1:00
16.82,0,0,0,136,-160,10.22 15:35,10.23 1:05
16.74,0,0,0,136,-158,10.22 15:40,10.23 1:10
16.68,0,0,0,135,-157,10.22 15:45,10.23 1:15
16.64,0,0,0,135,-155,10.22 15:50,10.23 1:20
16.54,0,0,0,134.8,-153,10.22 15:55,10.23 1:25
16.54,0,0,0,134,-152,10.22 16:00,10.23 1:30
16.54,0,0,0,133.8,-150,10.22 16:05,10.23 1:35
16.52,0,0,0,133,-149,10.22 16:10,10.23 1:40
16.52,0,0,0,132,-147,10.22 16:15,10.23 1:45
16.5,0,0,0,131.8,-146,10.22 16:20,10.23 1:50
16.5,0,0,0,131,-144.2,10.22 16:25,10.23 1:55
16.5,0,0,0,130.8,-143,10.22 16:30,10.23 2:00
16.5,0,0,0,130,-142,10.22 16:35,10.23 2:05
16.48,0,0,0,129,-140,10.22 16:40,10.23 2:10
16.48,0,0,0,128.8,-139,10.22 16:45,10.23 2:15
16.48,0,0,0,128,-138,10.22 16:50,10.23 2:20
16.46,0,0,0,127,-136.2,10.22 16:55,10.23 2:25
16.44,0,0,0,126,-135,10.22 17:00,10.23 2:30
16.38,0,0,0,125.8,-134,10.22 17:05,10.23 2:35
16.34,0,0,0,125,-133,10.22 17:10,10.23 2:40
16.28,0,0,0,124,-132,10.22 17:15,10.23 2:45
16.24,0,0,0,123,-131,10.22 17:20,10.23 2:50
16.18,0,0,0,122,-130,10.22 17:25,10.23 2:55
16.14,0,0,0,121.8,-128.2,10.22 17:30,10.23 3:00
16.08,0,0,0,120.8,-127.2,10.22 17:35,10.23 3:05
16.04,0,0,0,120,-126.2,10.22 17:40,10.23 3:10
15.98,0,0,0,119,-125.2,10.22 17:45,10.23 3:15
15.94,0,0,0,118,-124.2,10.22 17:50,10.23 3:20
15.88,0,0,0,117,-123.2,10.22 17:55,10.23 3:25
15.84,0,0,0,116,-123,10.22 18:00,10.23 3:30
15.76,0,0,0,115,-122,10.22 18:05,10.23 3:35
15.7,0,0,0,114,-121,10.22 18:10,10.23 3:40
15.62,0,0,0,113.8,-120,10.22 18:15,10.23 3:45
15.56,0,0,0,112.8,-119,10.22 18:20,10.23 3:50
15.5,0,0,0,111.8,-118,10.22 18:25,10.23 3:55
15.42,0,0,0,110.8,-117.2,10.22 18:30,10.23 4:00
15.36,0,0,0,110,-116.2,10.22 18:35,10.23 4:05
15.3,0,0,0,109,-116,10.22 18:40,10.23 4:10
15.22,0,0,0,108,-115,10.22 18:45,10.23 4:15
15.16,0,0,0,107,-114,10.22 18:50,10.23 4:20
15.08,0,0,0,106,-113.2,10.22 18:55,10.23 4:25
15.04,0,0,0,105,-113,10.22 19:00,10.23 4:30
14.98,0,0,0,104,-112,10.22 19:05,10.23 4:35
14.92,0,0,0,103,-111,10.22 19:10,10.23 4:40
14.86,0,0,0,102,-110.2,10.22 19:15,10.23 4:45
14.8,0,0,0,101,-110,10.22 19:20,10.23 4:50
14.74,0,0,0,100,-109,10.22 19:25,10.23 4:55
14.68,0,0,0,99,-108.2,10.22 19:30,10.23 5:00
14.62,0,0,0,98,-108,10.22 19:35,10.23 5:05
14.56,0,0,0,97,-107,10.22 19:40,10.23 5:10
14.5,0,0,0,96,-106,10.22 19:45,10.23 5:15
14.46,0,0,0,95,-106,10.22 19:50,10.23 5:20
14.38,0,0,0,93.8,-105,10.22 19:55,10.23 5:25
14.38,0,0,0,92.8,-104,10.22 20:00,10.23 5:30
14.44,0,0,0,91.8,-104,10.22 20:05,10.23 5:35
14.48,0,0,0,90.8,-103,10.22 20:10,10.23 5:40
14.5,2.6,2.6,2.6,89.8,-102.2,10.22 20:15,10.23 5:45
14.54,8.2,20.2,9.8,88,-102,10.22 20:20,10.23 5:50
14.6,14.2,54.8,19,87,-101,10.22 20:25,10.23 5:55
14.64,20.2,105,29.2,86,-100.2,10.22 20:30,10.23 6:00
14.7,28.2,153.6,41.8,85,-100,10.22 20:35,10.23 6:05
14.74,38.2,175.2,55.8,84,-99,10.22 20:40,10.23 6:10
14.76,44.2,219.4,70,83,-98.2,10.22 20:45,10.23 6:15
14.8,50.4,183.2,75.4,82,-98,10.22 20:50,10.23 6:20
14.86,54,194.4,84,81,-97.2,10.22 20:55,10.23 6:25
15.04,63.8,208,100,80,-97,10.22 21:00,10.23 6:30
15.38,69,246.2,116.2,79,-96,10.22 21:05,10.23 6:35
15.66,73.2,308.2,138.2,78,-95.2,10.22 21:10,10.23 6:40
15.96,76.8,372,162.2,77,-95,10.22 21:15,10.23 6:45
16.3,78.8,423.4,183.6,76,-94,10.22 21:20,10.23 6:50
16.6,80.2,466.8,203.8,74.8,-93.2,10.22 21:25,10.23 6:55
16.94,92.8,459.8,222.8,73.8,-93,10.22 21:30,10.23 7:00
17.24,101,442.6,234.4,72.8,-92.2,10.22 21:35,10.23 7:05
17.58,96.2,452,240.4,71,-92,10.22 21:40,10.23 7:10
17.88,93.6,464,249.6,70,-91,10.22 21:45,10.23 7:15
18.16,89.8,511.8,271,69,-90.2,10.22 21:50,10.23 7:20
18.5,93.8,555.4,300.2,68,-90,10.22 21:55,10.23 7:25
18.68,112,539.8,321.8,67,-89,10.22 22:00,10.23 7:30
18.74,123.2,525.2,336.2,66,-88.2,10.22 22:05,10.23 7:35
18.78,118,511.2,334.2,65,-88,10.22 22:10,10.23 7:40
18.84,124.2,504,346,64,-87,10.22 22:15,10.23 7:45
18.9,122.8,567.8,382,63,-86.2,10.22 22:20,10.23 7:50
18.94,114,630.2,412,62,-86,10.22 22:25,10.23 7:55
19.02,142.8,563.8,418.8,61,-85,10.22 22:30,10.23 8:00
19.06,155.4,511,413.8,59.8,-84.2,10.22 22:35,10.23 8:05
19.12,161.4,518.2,431.8,58.8,-84,10.22 22:40,10.23 8:10
19.18,181.6,534,468.6,57.8,-83,10.22 22:45,10.23 8:15
19.22,183.2,555.4,490,56,-82.2,10.22 22:50,10.23 8:20
19.28,169.2,617.8,519.6,55,-81.2,10.22 22:55,10.23 8:25
19.36,182.2,595.6,529,54,-81,10.22 23:00,10.23 8:30
19.48,199.2,560.8,534.2,53,-80,10.22 23:05,10.23 8:35
19.64,220.2,511.2,533.2,52,-79,10.22 23:10,10.23 8:40
19.76,230.8,490.6,538.2,51,-78.2,10.22 23:15,10.23 8:45
19.9,237.6,491.8,553.2,50,-77.2,10.22 23:20,10.23 8:50
20.02,244.8,490,565.8,49,-77,10.22 23:25,10.23 8:55
20.14,236,493.8,566,48,-76,10.22 23:30,10.23 9:00
20.26,204,534.4,568.2,47,-75,10.22 23:35,10.23 9:05
20.4,185.4,591.8,596.2,46,-74,10.22 23:40,10.23 9:10
20.52,173.4,625.4,616.2,45,-73,10.22 23:45,10.23 9:15
20.68,169.8,624.4,619.6,44,-72,10.22 23:50,10.23 9:20
20.8,182.6,591.4,615.4,43,-71,10.22 23:55,10.23 9:25
20.92,207.6,586.6,644,42,-70,10.23 00:00,10.23 9:30
21.04,219.6,612.2,682.4,41,-69,10.23 00:05,10.23 9:35
21.12,217.8,646.6,714,40,-68,10.23 00:10,10.23 9:40
21.22,231.2,644.2,732,39,-67,10.23 00:15,10.23 9:45
21.32,228.8,667,755,38,-65.2,10.23 00:20,10.23 9:50
21.42,228.6,678.6,770.8,37,-64.2,10.23 00:25,10.23 9:55
21.58,264.2,585.4,737.8,36,-63,10.23 00:30,10.23 10:00
21.68,249.2,551.6,700.8,35,-62,10.23 00:35,10.23 10:05
21.78,206.6,581.4,688,34,-60.2,10.23 00:40,10.23 10:10
21.88,185,582.8,672.8,33,-59,10.23 00:45,10.23 10:15
21.96,225.2,584.4,719.2,32,-57.2,10.23 00:50,10.23 10:20
22.08,230.2,624.6,763.8,31,-56,10.23 00:55,10.23 10:25
22.16,238,645.2,794,30,-54,10.23 01:00,10.23 10:30
22.22,238.8,662,814.6,29.8,-52.2,10.23 01:05,10.23 10:35
22.24,257.4,656.6,832.8,29,-50.2,10.23 01:10,10.23 10:40
22.26,253.8,671,846.2,28,-48.2,10.23 01:15,10.23 10:45
22.32,255,624.4,810.2,27,-46.2,10.23 01:20,10.23 10:50
22.34,237.6,601.4,776.2,26,-44.2,10.23 01:25,10.23 10:55
22.46,255.6,562.2,762.4,25.8,-42,10.23 01:30,10.23 11:00
22.48,262,529.2,741.4,25,-40,10.23 01:35,10.23 11:05
22.54,259.6,542.8,754.2,24,-37.2,10.23 01:40,10.23 11:10
22.56,228.6,594.2,773,23.8,-35,10.23 01:45,10.23 11:15
22.58,228.2,588.8,769.8,23,-32,10.23 01:50,10.23 11:20
22.64,227.4,584.4,767.2,22.8,-29,10.23 01:55,10.23 11:25
22.66,212.2,596,764.6,22,-26,10.23 02:00,10.23 11:30
22.66,198.2,605.8,761,21.8,-23,10.23 02:05,10.23 11:35
22.68,199.2,621.2,778.2,21,-20,10.23 02:10,10.23 11:40
22.7,192.8,638.6,789.2,21,-17,10.23 02:15,10.23 11:45
22.7,190.2,663,810.4,20.8,-13,10.23 02:20,10.23 11:50
22.72,191,691,838.8,20,-10,10.23 02:25,10.23 11:55
22.74,182.4,737.2,874.2,20,-6,10.23 02:30,10.23 12:00
22.76,173.8,770.2,897,20,-3,10.23 02:35,10.23 12:05
22.76,176,770,899.2,20,1,10.23 02:40,10.23 12:10
22.78,186.4,769.6,909.2,20,4.2,10.23 02:45,10.23 12:15
22.8,188.2,769.6,910.2,20,8,10.23 02:50,10.23 12:20
22.8,192.4,769,913.2,20.8,11.2,10.23 02:55,10.23 12:25
22.82,186.8,768.2,905.4,20.8,15,10.23 03:00,10.23 12:30
22.88,178.6,767.6,895.4,21,18.2,10.23 03:05,10.23 12:35
22.92,188.4,767.2,902.6,21,21.2,10.23 03:10,10.23 12:40
22.96,194.2,766.4,905.8,22,25,10.23 03:15,10.23 12:45
23.02,194.2,765.4,902.6,22,28,10.23 03:20,10.23 12:50
23.06,197.8,764.4,903,23,31,10.23 03:25,10.23 12:55
23.14,210.6,766.4,914.2,23,33.2,10.23 03:30,10.23 13:00
23.18,205.6,778.2,917,24,36,10.23 03:35,10.23 13:05
23.24,206.8,771.2,908,24.8,38.2,10.23 03:40,10.23 13:10
23.28,206.8,760.8,895,25,41,10.23 03:45,10.23 13:15
23.32,206.8,762.8,892.4,26,43.2,10.23 03:50,10.23 13:20
23.38,203.8,767.6,889.4,27,45.2,10.23 03:55,10.23 13:25
23.4,200.6,757.6,872.6,27.8,47.2,10.23 04:00,10.23 13:30
23.4,197.2,756.4,863.2,28,49.2,10.23 04:05,10.23 13:35
23.46,189.8,755,849.4,29,51.2,10.23 04:10,10.23 13:40
23.48,178.8,753.4,831.4,30,53.2,10.23 04:15,10.23 13:45
23.5,173.2,751.8,818.8,31,55,10.23 04:20,10.23 13:50
23.5,166,750.2,804.2,32,56.2,10.23 04:25,10.23 13:55
23.56,168.4,748,798,32.8,58.2,10.23 04:30,10.23 14:00
23.56,174,746,795.4,33.8,60,10.23 04:35,10.23 14:05
23.58,174,743.6,786.8,34.8,61,10.23 04:40,10.23 14:10
23.6,183.4,741.2,787.4,35,62.2,10.23 04:45,10.23 14:15
23.66,183.6,738.8,778.2,36,64,10.23 04:50,10.23 14:20
23.66,181.8,736.2,766.6,37,65,10.23 04:55,10.23 14:25
23.64,189.6,731.4,763.4,38,66.2,10.23 05:00,10.23 14:30
23.64,195.8,719,752.2,39,67.2,10.23 05:05,10.23 14:35
23.6,193,721.6,743.2,40,68.2,10.23 05:10,10.23 14:40
23.56,181.8,743.4,740.2,41,70,10.23 05:15,10.23 14:45
23.54,200.6,685.2,707.4,42,71,10.23 05:20,10.23 14:50
23.52,212.6,636.4,675.4,43,72,10.23 05:25,10.23 14:55
23.5,198.2,626.6,646,44,73,10.23 05:30,10.23 15:00
23.48,177,643.8,629,45,74,10.23 05:35,10.23 15:05
23.46,179.8,668.8,640.4,46,74.2,10.23 05:40,10.23 15:10
23.42,163.6,721.8,651.6,47,75.2,10.23 05:45,10.23 15:15
23.38,148.8,719.2,625.2,48.8,76.2,10.23 05:50,10.23 15:20
23.38,132.8,715.6,597.2,49.8,77.2,10.23 05:55,10.23 15:25
23.36,133.8,685,569,50.8,78,10.23 06:00,10.23 15:30
23.36,136.8,650.6,540.6,51.8,79,10.23 06:05,10.23 15:35
23.32,119,683.2,533,53,80,10.23 06:10,10.23 15:40
23.26,102.6,718.2,527.4,54,80.2,10.23 06:15,10.23 15:45
23.26,120.4,713.4,531.4,55,81.2,10.23 06:20,10.23 15:50
23.22,127.8,724.6,534.2,56,82,10.23 06:25,10.23 15:55
23.24,122.2,731.2,521,57,83,10.23 06:30,10.23 16:00
23.2,116.2,737,507,58,83.2,10.23 06:35,10.23 16:05
23.2,112,737,490.6,59,84,10.23 06:40,10.23 16:10
23.14,107,738.4,475,60,85,10.23 06:45,10.23 16:15
23.12,94.6,767,464.8,61,85.2,10.23 06:50,10.23 16:20
23.12,88,776.4,449.4,62,86.2,10.23 06:55,10.23 16:25
23.1,106.4,681.8,412.2,63,87,10.23 07:00,10.23 16:30
23.06,95,654.8,377.8,64,88,10.23 07:05,10.23 16:35
23.04,94,627.8,354.6,65,88.2,10.23 07:10,10.23 16:40
23,89.6,614,333.8,66.8,89,10.23 07:15,10.23 16:45
22.98,87.8,607.8,319,67.8,89.2,10.23 07:20,10.23 16:50
22.94,83,616.8,307.2,69,90,10.23 07:25,10.23 16:55
22.94,86,622.8,301.8,70,91,10.23 07:30,10.23 17:00
22.9,70,682.8,294.4,71,91.2,10.23 07:35,10.23 17:05
22.88,68,665.8,274.8,72,92,10.23 07:40,10.23 17:10
22.84,74.2,599.2,249.6,73,93,10.23 07:45,10.23 17:15
22.82,83.6,495.6,219.6,74,93.2,10.23 07:50,10.23 17:20
22.78,82.2,432.8,193.6,75,94,10.23 07:55,10.23 17:25
22.74,77.8,413.8,176.8,76,95,10.23 08:00,10.23 17:30
22.64,74.2,394.4,161.4,77,95.2,10.23 08:05,10.23 17:35
22.56,70,356,142.2,78,96,10.23 08:10,10.23 17:40
22.46,58.6,338.2,121,79,96.2,10.23 08:15,10.23 17:45
22.4,54.4,318.4,107.2,80,97,10.23 08:20,10.23 17:50
22.28,44,347.6,95,81.8,98,10.23 08:25,10.23 17:55
22.2,39,273.2,74.6,82.8,98.2,10.23 08:30,10.23 18:00
22.08,31.8,247.2,59.4,83.8,99,10.23 08:35,10.23 18:05
22.02,30.4,188.6,47.8,85,100,10.23 08:40,10.23 18:10
21.92,27.2,113.6,37,86,100,10.23 08:45,10.23 18:15
21.84,18.8,85.8,26,87,101,10.23 08:50,10.23 18:20
21.74,12.2,39.8,15.4,88,101.2,10.23 08:55,10.23 18:25
21.58,6.4,12.2,7.4,89,102,10.23 09:00,10.23 18:30
21.32,0,0.4,0,90,103,10.23 09:05,10.23 18:35
21.08,0,0,0,91,103.2,10.23 09:10,10.23 18:40
20.82,0,0,0,92,104,10.23 09:15,10.23 18:45
20.56,0,0,0,93,105,10.23 09:20,10.23 18:50
20.32,0,0,0,94,105.2,10.23 09:25,10.23 18:55
20.04,0,0,0,95,106,10.23 09:30,10.23 19:00
19.8,0,0,0,96,107,10.23 09:35,10.23 19:05
19.54,0,0,0,97,107.2,10.23 09:40,10.23 19:10
19.28,0,0,0,98,108,10.23 09:45,10.23 19:15
19.04,0,0,0,99,109,10.23 09:50,10.23 19:20
18.78,0,0,0,100,109.2,10.23 09:55,10.23 19:25
18.64,0,0,0,101,110,10.23 10:00,10.23 19:30
18.58,0,0,0,102,111,10.23 10:05,10.23 19:35
18.52,0,0,0,103,112,10.23 10:10,10.23 19:40
18.46,0,0,0,104,112.2,10.23 10:15,10.23 19:45
18.38,0,0,0,105,113,10.23 10:20,10.23 19:50
18.32,0,0,0,106,114,10.23 10:25,10.23 19:55
18.32,0,0,0,107,115,10.23 10:30,10.23 20:00
18.26,0,0,0,108,115.2,10.23 10:35,10.23 20:05
18.18,0,0,0,109,116.2,10.23 10:40,10.23 20:10
18.12,0,0,0,110,117,10.23 10:45,10.23 20:15
18.08,0,0,0,111,118,10.23 10:50,10.23 20:20
18,0,0,0,112,119,10.23 10:55,10.23 20:25
17.94,0,0,0,113,120,10.23 11:00,10.23 20:30
17.88,0,0,0,114,120.2,10.23 11:05,10.23 20:35
17.82,0,0,0,115,121.2,10.23 11:10,10.23 20:40
17.76,0,0,0,115.8,122.2,10.23 11:15,10.23 20:45
17.7,0,0,0,116.8,123,10.23 11:20,10.23 20:50
17.66,0,0,0,117,124,10.23 11:25,10.23 20:55
17.56,0,0,0,118,125,10.23 11:30,10.23 21:00
17.52,0,0,0,119,126,10.23 11:35,10.23 21:05
17.46,0,0,0,120,127,10.23 11:40,10.23 21:10
17.4,0,0,0,121,128,10.23 11:45,10.23 21:15
17.34,0,0,0,121.8,129,10.23 11:50,10.23 21:20
17.28,0,0,0,122.8,130.2,10.23 11:55,10.23 21:25
17.24,0,0,0,123,131.2,10.23 12:00,10.23 21:30
17.18,0,0,0,124,132.2,10.23 12:05,10.23 21:35
17.18,0,0,0,125,134,10.23 12:10,10.23 21:40
17.16,0,0,0,125.8,135,10.23 12:15,10.23 21:45
17.12,0,0,0,126,136,10.23 12:20,10.23 21:50
17.1,0,0,0,127,137.2,10.23 12:25,10.23 21:55
17.02,0,0,0,128,138.2,10.23 12:30,10.23 22:00
17,0,0,0,128.8,140,10.23 12:35,10.23 22:05
16.96,0,0,0,129,141,10.23 12:40,10.23 22:10
16.94,0,0,0,130,142.2,10.23 12:45,10.23 22:15
16.94,0,0,0,130.8,144,10.23 12:50,10.23 22:20
16.88,0,0,0,131,145,10.23 12:55,10.23 22:25
16.86,0,0,0,132,147,10.23 13:00,10.23 22:30
16.84,0,0,0,132,148,10.23 13:05,10.23 22:35
16.84,0,0,0,133,150,10.23 13:10,10.23 22:40
16.8,0,0,0,133,151,10.23 13:15,10.23 22:45
16.8,0,0,0,134,153,10.23 13:20,10.23 22:50
16.78,0,0,0,134,154,10.23 13:25,10.23 22:55
16.76,0,0,0,135,156,10.23 13:30,10.23 23:00
16.74,0,0,0,135,157.2,10.23 13:35,10.23 23:05
16.74,0,0,0,135.8,159,10.23 13:40,10.23 23:10
16.7,0,0,0,136,161,10.23 13:45,10.23 23:15
16.7,0,0,0,136,162.2,10.23 13:50,10.23 23:20
16.68,0,0,0,136.8,164,10.23 13:55,10.23 23:25
16.64,0,0,0,137,166,10.23 14:00,10.23 23:30
16.54,0,0,0,137,168,10.23 14:05,10.23 23:35
16.46,0,0,0,137,170,10.23 14:10,10.23 23:40
16.38,0,0,0,137.8,171,10.23 14:15,10.23 23:45
16.32,0,0,0,137.8,173,10.23 14:20,10.23 23:50
16.22,0,0,0,138,175,10.23 14:25,10.23 23:55
16.16,0,0,0,138,177,10.23 14:30,10.24 0:00
16.06,0,0,0,138,179,10.23 14:35,10.24 0:05
16,0,0,0,138,-179.8,10.23 14:40,10.24 0:10
15.92,0,0,0,138,-178,10.23 14:45,10.24 0:15
15.84,0,0,0,138,-176,10.23 14:50,10.24 0:20
15.74,0,0,0,137.8,-174,10.23 14:55,10.24 0:25
15.7,0,0,0,137.8,-172,10.23 15:00,10.24 0:30
15.62,0,0,0,137.8,-170,10.23 15:05,10.24 0:35
15.56,0,0,0,137,-169,10.23 15:10,10.24 0:40
15.48,0,0,0,137,-167,10.23 15:15,10.24 0:45
15.44,0,0,0,137,-165,10.23 15:20,10.24 0:50
15.38,0,0,0,136.8,-163,10.23 15:25,10.24 0:55
15.3,0,0,0,136,-162,10.23 15:30,10.24 1:00
15.24,0,0,0,136,-160,10.23 15:35,10.24 1:05
15.2,0,0,0,135.8,-158,10.23 15:40,10.24 1:10
15.12,0,0,0,135,-157,10.23 15:45,10.24 1:15
15.06,0,0,0,134.8,-155,10.23 15:50,10.24 1:20
14.98,0,0,0,134,-153.2,10.23 15:55,10.24 1:25
14.96,0,0,0,133.8,-152,10.23 16:00,10.24 1:30
14.92,0,0,0,133,-150.2,10.23 16:05,10.24 1:35
14.88,0,0,0,132.8,-149,10.23 16:10,10.24 1:40
14.86,0,0,0,132,-147.2,10.23 16:15,10.24 1:45
14.82,0,0,0,131,-146,10.23 16:20,10.24 1:50
14.8,0,0,0,131,-145,10.23 16:25,10.24 1:55
14.74,0,0,0,130,-143,10.23 16:30,10.24 2:00
14.72,0,0,0,129.8,-142,10.23 16:35,10.24 2:05
14.68,0,0,0,129,-140.2,10.23 16:40,10.24 2:10
14.66,0,0,0,128,-139,10.23 16:45,10.24 2:15
14.64,0,0,0,127.8,-138,10.23 16:50,10.24 2:20
14.58,0,0,0,126.8,-137,10.23 16:55,10.24 2:25
14.58,0,0,0,126,-135.2,10.23 17:00,10.24 2:30
14.5,0,0,0,125,-134,10.23 17:05,10.24 2:35
14.48,0,0,0,124.8,-133,10.23 17:10,10.24 2:40
14.46,0,0,0,123.8,-132,10.23 17:15,10.24 2:45
14.42,0,0,0,123,-131,10.23 17:20,10.24 2:50
14.36,0,0,0,122,-130,10.23 17:25,10.24 2:55
14.34,0,0,0,121,-129,10.23 17:30,10.24 3:00
14.28,0,0,0,120,-128,10.23 17:35,10.24 3:05
14.24,0,0,0,119.8,-127,10.23 17:40,10.24 3:10
14.22,0,0,0,118.8,-126,10.23 17:45,10.24 3:15
14.2,0,0,0,118,-125,10.23 17:50,10.24 3:20
14.12,0,0,0,117,-124,10.23 17:55,10.24 3:25
14.12,0,0,0,116,-123,10.23 18:00,10.24 3:30
14.08,0,0,0,115,-122,10.23 18:05,10.24 3:35
14.02,0,0,0,114,-121,10.23 18:10,10.24 3:40
13.96,0,0,0,113,-120,10.23 18:15,10.24 3:45
13.96,0,0,0,112,-119.2,10.23 18:20,10.24 3:50
13.92,0,0,0,111,-118.2,10.23 18:25,10.24 3:55
13.86,0,0,0,110,-118,10.23 18:30,10.24 4:00
13.82,0,0,0,109.8,-117,10.23 18:35,10.24 4:05
13.82,0,0,0,108.8,-116,10.23 18:40,10.24 4:10
13.76,0,0,0,107.8,-115,10.23 18:45,10.24 4:15
13.7,0,0,0,106.8,-114.2,10.23 18:50,10.24 4:20
13.66,0,0,0,105.8,-114,10.23 18:55,10.24 4:25
13.66,0,0,0,104.8,-113,10.23 19:00,10.24 4:30
13.64,0,0,0,103.8,-112,10.23 19:05,10.24 4:35
13.62,0,0,0,102.8,-111.2,10.23 19:10,10.24 4:40
13.58,0,0,0,101.8,-111,10.23 19:15,10.24 4:45
13.58,0,0,0,100.8,-110,10.23 19:20,10.24 4:50
13.56,0,0,0,99.8,-109,10.23 19:25,10.24 4:55
13.56,0,0,0,98.8,-109,10.23 19:30,10.24 5:00
13.54,0,0,0,97.8,-108,10.23 19:35,10.24 5:05
13.54,0,0,0,96.8,-107,10.23 19:40,10.24 5:10
13.5,0,0,0,95.8,-106.2,10.23 19:45,10.24 5:15
13.48,0,0,0,94.8,-106,10.23 19:50,10.24 5:20
13.46,0,0,0,93,-105,10.23 19:55,10.24 5:25
13.48,0,0,0,92,-104.2,10.23 20:00,10.24 5:30
13.56,0,0,0,91,-104,10.23 20:05,10.24 5:35
13.6,0,0,0,90,-103,10.23 20:10,10.24 5:40
13.66,4,7,4.8,89,-103,10.23 20:15,10.24 5:45
13.72,11,36.6,14.4,88,-102,10.23 20:20,10.24 5:50
13.78,18,95.2,26.4,87,-101.2,10.23 20:25,10.24 5:55
13.82,25.6,125,36.6,86,-101,10.23 20:30,10.24 6:00
13.88,31.4,178.4,46.8,85,-100,10.23 20:35,10.24 6:05
13.94,36.8,208.8,58.6,84,-99.2,10.23 20:40,10.24 6:10
14,44,208.8,69.4,83,-99,10.23 20:45,10.24 6:15
14.04,50.2,236.6,83.4,82,-98,10.23 20:50,10.24 6:20
14.12,56.4,263.2,98.2,81,-98,10.23 20:55,10.24 6:25
14.3,59.6,305.2,113.6,80,-97,10.23 21:00,10.24 6:30
14.6,64.4,327.4,128.4,79,-96.2,10.23 21:05,10.24 6:35
14.92,70.6,344.4,144,77.8,-96,10.23 21:10,10.24 6:40
15.18,76.8,360.2,160,76.8,-95,10.23 21:15,10.24 6:45
15.54,83,374.6,176.4,75.8,-94.2,10.23 21:20,10.24 6:50
15.82,89,388,192.8,74,-94,10.23 21:25,10.24 6:55
16.12,94.2,400.2,208.6,73,-93,10.23 21:30,10.24 7:00
16.4,100.4,411.4,225.2,72,-93,10.23 21:35,10.24 7:05
16.76,109.4,421.8,245,71,-92,10.23 21:40,10.24 7:10
17.02,114,444.6,264.8,70,-91.2,10.23 21:45,10.24 7:15
17.36,119.6,452.8,281.2,69,-91,10.23 21:50,10.24 7:20
17.64,124.2,460.2,296.4,68,-90,10.23 21:55,10.24 7:25
17.82,129.8,464.4,311.6,67,-89.2,10.23 22:00,10.24 7:30
17.9,133.4,469,325,66,-89,10.23 22:05,10.24 7:35
17.98,139.6,477,342.6,65,-88,10.23 22:10,10.24 7:40
18.04,143,486,358.2,64,-87.2,10.23 22:15,10.24 7:45
18.1,144.6,522.4,384.6,62.8,-87,10.23 22:20,10.24 7:50
18.18,142.8,559.2,409,61.8,-86,10.23 22:25,10.24 7:55
18.26,153,539.6,418.4,60.8,-85.2,10.23 22:30,10.24 8:00
18.34,163.6,523.2,429,59,-85,10.23 22:35,10.24 8:05
18.4,166.6,528.2,443.4,58,-84,10.23 22:40,10.24 8:10
18.46,170.8,533,458.6,57,-83.2,10.23 22:45,10.24 8:15
18.54,181.6,535.8,479,56,-83,10.23 22:50,10.24 8:20
18.62,185.8,541,494.2,55,-82,10.23 22:55,10.24 8:25
18.7,181.8,577.6,520.2,54,-81,10.23 23:00,10.24 8:30
18.88,169.2,613.8,537.8,53,-80.2,10.23 23:05,10.24 8:35
19.02,168.4,594,534,52,-79.2,10.23 23:10,10.24 8:40
19.18,176.2,579.8,541.2,51,-79,10.23 23:15,10.24 8:45
19.36,178.8,596.2,562.8,50,-78,10.23 23:20,10.24 8:50
19.5,182.2,608.8,582.8,49,-77,10.23 23:25,10.24 8:55
19.68,198.4,583,589.6,48,-76.2,10.23 23:30,10.24 9:00
19.82,206.4,566.4,593.8,47,-75.2,10.23 23:35,10.24 9:05
20,198.8,600.8,618.2,46,-74.2,10.23 23:40,10.24 9:10
20.16,182,637.6,634.8,45,-73.2,10.23 23:45,10.24 9:15
20.3,174.4,643.2,639.6,44,-72.2,10.23 23:50,10.24 9:20
20.48,165.8,650.4,644,42.8,-71.2,10.23 23:55,10.24 9:25
20.62,163.8,668.6,663.6,41.8,-70.2,10.24 00:00,10.24 9:30
20.82,164,679.4,679.6,40.8,-69.2,10.24 00:05,10.24 9:35
20.96,196.2,630.2,681.6,39.8,-68.2,10.24 00:10,10.24 9:40
21.12,225,594.2,689,38.8,-67.2,10.24 00:15,10.24 9:45
21.26,226.2,600.8,702,37.8,-66,10.24 00:20,10.24 9:50
21.46,231,608.6,718.8,36.8,-65,10.24 00:25,10.24 9:55
21.62,230.8,627.8,740.4,36,-63.2,10.24 00:30,10.24 10:00
21.82,231.8,647.4,763.4,35,-62,10.24 00:35,10.24 10:05
21.96,223,662,773,34,-61,10.24 00:40,10.24 10:10
22.12,217.6,676.6,786,33,-59.2,10.24 00:45,10.24 10:15
22.26,213.8,691.6,800.6,32,-58,10.24 00:50,10.24 10:20
22.46,206.6,703.8,809.8,31,-56.2,10.24 00:55,10.24 10:25
22.56,213.8,695.4,814.8,30,-54.2,10.24 01:00,10.24 10:30
22.66,221.8,693,826,29,-53,10.24 01:05,10.24 10:35
22.74,200.8,746,856.6,28.8,-51,10.24 01:10,10.24 10:40
22.84,184.6,776.8,872.6,27.8,-49,10.24 01:15,10.24 10:45
22.9,197.6,778,891.8,27,-47,10.24 01:20,10.24 10:50
23,199.4,789.4,908.8,26,-45,10.24 01:25,10.24 10:55
23.04,197,801.2,921.4,25,-42.2,10.24 01:30,10.24 11:00
23.14,194,813.2,933.2,24.8,-40,10.24 01:35,10.24 11:05
23.2,191.6,821.4,942.6,24,-38,10.24 01:40,10.24 11:10
23.3,190.6,826.4,950,23,-35,10.24 01:45,10.24 11:15
23.38,190.8,835.6,961.6,22.8,-32.2,10.24 01:50,10.24 11:20
23.48,200,822.4,961.4,22,-29.2,10.24 01:55,10.24 11:25
23.56,185.2,849,974.4,21.8,-26.2,10.24 02:00,10.24 11:30
23.68,163,891.6,994,21,-23.2,10.24 02:05,10.24 11:35
23.8,160.8,896.6,998.8,21,-20,10.24 02:10,10.24 11:40
23.9,160.8,897.4,1001.6,20.8,-17,10.24 02:15,10.24 11:45
24,167,888.2,1000.8,20,-13,10.24 02:20,10.24 11:50
24.14,177,872,996.2,20,-10,10.24 02:25,10.24 11:55
24.22,146.2,926.6,1017.8,20,-6,10.24 02:30,10.24 12:00
24.36,122,967.6,1032.8,19.8,-3,10.24 02:35,10.24 12:05
24.46,129,956,1028.8,19.8,1,10.24 02:40,10.24 12:10
24.58,132.8,949.8,1026.2,20,5,10.24 02:45,10.24 12:15
24.7,140.6,935.4,1020.2,20,8,10.24 02:50,10.24 12:20
24.82,142.4,930.8,1016.6,20,12,10.24 02:55,10.24 12:25
24.86,122.2,966.4,1028,20,15.2,10.24 03:00,10.24 12:30
24.94,109,987.4,1033.2,20.8,19,10.24 03:05,10.24 12:35
25.02,139.8,933.8,1011.2,21,22,10.24 03:10,10.24 12:40
25.1,165.2,884.8,988.6,21.8,25,10.24 03:15,10.24 12:45
25.18,166.2,882,984,22,28.2,10.24 03:20,10.24 12:50
25.26,165.6,881.2,979.8,22.8,31,10.24 03:25,10.24 12:55
25.32,154.2,901.6,983.6,23,34,10.24 03:30,10.24 13:00
25.4,143.4,919.4,985.8,23.8,36.2,10.24 03:35,10.24 13:05
25.48,148.6,908,976.2,24,39.2,10.24 03:40,10.24 13:10
25.56,154.2,895.4,965.6,25,41.2,10.24 03:45,10.24 13:15
25.64,163.8,873.6,950.8,26,44,10.24 03:50,10.24 13:20
25.72,172,853.6,935.8,26.8,46,10.24 03:55,10.24 13:25
25.72,174,846,925.8,27,48.2,10.24 04:00,10.24 13:30
25.76,176.8,835.8,914,28,50.2,10.24 04:05,10.24 13:35
25.78,186.2,809,894,29,52,10.24 04:10,10.24 13:40
25.78,190.8,790,876.4,30,54,10.24 04:15,10.24 13:45
25.78,174.4,829.2,887.6,30.8,55.2,10.24 04:20,10.24 13:50
25.82,156,866.2,894.2,31.8,57.2,10.24 04:25,10.24 13:55
25.86,179.2,806.4,859.8,32,59,10.24 04:30,10.24 14:00
25.9,186.6,769.8,829.2,33,60.2,10.24 04:35,10.24 14:05
25.9,180,791,833.8,34,61.2,10.24 04:40,10.24 14:10
25.9,169.2,815.2,835,35,63,10.24 04:45,10.24 14:15
25.92,179.2,779.4,808.2,36,64.2,10.24 04:50,10.24 14:20
25.96,178.4,760.4,784.2,37,65.2,10.24 04:55,10.24 14:25
25.96,176.2,773,783.8,38,67,10.24 05:00,10.24 14:30
25.98,165.8,796.6,783.6,39,68,10.24 05:05,10.24 14:35
25.96,147.6,836.6,787.2,40,69,10.24 05:10,10.24 14:40
25.98,126.4,879.6,789,41,70,10.24 05:15,10.24 14:45
26,124,879,775.4,42,71.2,10.24 05:20,10.24 14:50
25.98,122.2,876.2,761.4,43,72.2,10.24 05:25,10.24 14:55
26,128,855.8,741.8,44,73,10.24 05:30,10.24 15:00
26,130,843.2,724,45,74,10.24 05:35,10.24 15:05
26,101.6,904.6,727,46,75,10.24 05:40,10.24 15:10
26.02,96.4,909.2,713.4,47,76,10.24 05:45,10.24 15:15
26.02,119.8,845.4,681.8,48,77,10.24 05:50,10.24 15:20
26.02,148,755,639.6,49,78,10.24 05:55,10.24 15:25
26.02,134.8,711.2,587.8,50,78.2,10.24 06:00,10.24 15:30
26.02,107.6,705.8,547.2,51,79.2,10.24 06:05,10.24 15:35
25.98,136.2,700,562,52.8,80,10.24 06:10,10.24 15:40
25.98,140.4,728.6,572.6,53.8,81,10.24 06:15,10.24 15:45
25.98,137.8,687.6,535.4,55,82,10.24 06:20,10.24 15:50
25.98,122.2,681,505.6,56,82.2,10.24 06:25,10.24 15:55
25.96,134.6,702.2,519.2,57,83,10.24 06:30,10.24 16:00
25.96,102,800.2,528.2,58,84,10.24 06:35,10.24 16:05
25.96,110.6,758.6,502.4,59,84.2,10.24 06:40,10.24 16:10
25.96,116.2,721,477.2,60,85.2,10.24 06:45,10.24 16:15
25.92,136.4,626.6,440,61,86,10.24 06:50,10.24 16:20
25.92,153,528.2,399.8,62,87,10.24 06:55,10.24 16:25
25.88,112.8,487.6,332.8,63,87.2,10.24 07:00,10.24 16:30
25.82,73,467,276,64,88,10.24 07:05,10.24 16:35
25.76,114.2,456.4,304.8,65,89,10.24 07:10,10.24 16:40
25.7,122,509.8,326.4,66,89.2,10.24 07:15,10.24 16:45
25.64,116,499.6,307.6,67,90,10.24 07:20,10.24 16:50
25.58,116,465.8,286.6,68.8,90.2,10.24 07:25,10.24 16:55
25.52,122.2,424.6,270.2,69.8,91,10.24 07:30,10.24 17:00
25.46,117.8,404.6,251.6,71,92,10.24 07:35,10.24 17:05
25.4,102,394.2,225.2,72,92.2,10.24 07:40,10.24 17:10
25.34,88,383,201,73,93,10.24 07:45,10.24 17:15
25.28,82,375.4,186.2,74,94,10.24 07:50,10.24 17:20
25.22,79.6,354.4,171.4,75,94.2,10.24 07:55,10.24 17:25
25.12,79.6,362.6,167.4,76,95,10.24 08:00,10.24 17:30
25.04,66.4,422.2,160.8,77,96,10.24 08:05,10.24 17:35
24.94,69.2,372.4,145.6,78,96,10.24 08:10,10.24 17:40
24.82,69.6,323.8,130,79,97,10.24 08:15,10.24 17:45
24.76,61.6,296,111.6,80,97.2,10.24 08:20,10.24 17:50
24.64,51,304.8,96.4,81,98,10.24 08:25,10.24 17:55
24.56,46.6,263.8,81.6,82,99,10.24 08:30,10.24 18:00
24.46,40.2,237.8,67.2,83,99.2,10.24 08:35,10.24 18:05
24.38,33.6,216.8,54.2,84.8,100,10.24 08:40,10.24 18:10
24.28,27.4,147.2,40.4,85.8,100.2,10.24 08:45,10.24 18:15
24.18,20.2,65.6,25.6,86.8,101,10.24 08:50,10.24 18:20
24.1,11.8,33,14.8,88,102,10.24 08:55,10.24 18:25
23.82,7.4,11,8.2,89,102.2,10.24 09:00,10.24 18:30
23.38,1.2,1,1.2,90,103,10.24 09:05,10.24 18:35
22.94,0,0,0,91,104,10.24 09:10,10.24 18:40
22.5,0,0,0,92,104.2,10.24 09:15,10.24 18:45
22.06,0,0,0,93,105,10.24 09:20,10.24 18:50
21.62,0,0,0,94,106,10.24 09:25,10.24 18:55
21.2,0,0,0,95,106.2,10.24 09:30,10.24 19:00
20.76,0,0,0,96,107,10.24 09:35,10.24 19:05
20.32,0,0,0,97,108,10.24 09:40,10.24 19:10
19.88,0,0,0,98,108.2,10.24 09:45,10.24 19:15
19.44,0,0,0,99,109,10.24 09:50,10.24 19:20
19,0,0,0,100,110,10.24 09:55,10.24 19:25
18.8,0,0,0,101,110.2,10.24 10:00,10.24 19:30
18.76,0,0,0,102,111,10.24 10:05,10.24 19:35
18.72,0,0,0,103,112,10.24 10:10,10.24 19:40
18.68,0,0,0,104,113,10.24 10:15,10.24 19:45
18.62,0,0,0,105,113.2,10.24 10:20,10.24 19:50
18.6,0,0,0,106,114,10.24 10:25,10.24 19:55
18.58,0,0,0,107,115,10.24 10:30,10.24 20:00
18.56,0,0,0,108,116,10.24 10:35,10.24 20:05
18.5,0,0,0,109,117,10.24 10:40,10.24 20:10
18.46,0,0,0,110,117.2,10.24 10:45,10.24 20:15
18.44,0,0,0,111,118,10.24 10:50,10.24 20:20
18.38,0,0,0,112,119,10.24 10:55,10.24 20:25
18.34,0,0,0,112.8,120,10.24 11:00,10.24 20:30
18.2,0,0,0,113.8,121,10.24 11:05,10.24 20:35
18.06,0,0,0,114.8,122,10.24 11:10,10.24 20:40
17.92,0,0,0,115,123,10.24 11:15,10.24 20:45
17.8,0,0,0,116,123.2,10.24 11:20,10.24 20:50
17.66,0,0,0,117,124.2,10.24 11:25,10.24 20:55
17.56,0,0,0,118,125.2,10.24 11:30,10.24 21:00
17.42,0,0,0,119,126.2,10.24 11:35,10.24 21:05
17.3,0,0,0,120,127.2,10.24 11:40,10.24 21:10
17.16,0,0,0,120.8,128.2,10.24 11:45,10.24 21:15
17.02,0,0,0,121,129.2,10.24 11:50,10.24 21:20
16.88,0,0,0,122,131,10.24 11:55,10.24 21:25
16.82,0,0,0,123,132,10.24 12:00,10.24 21:30
16.74,0,0,0,124,133,10.24 12:05,10.24 21:35
16.68,0,0,0,124.8,134,10.24 12:10,10.24 21:40
16.64,0,0,0,125,135,10.24 12:15,10.24 21:45
16.58,0,0,0,126,136.2,10.24 12:20,10.24 21:50
16.52,0,0,0,127,138,10.24 12:25,10.24 21:55
16.44,0,0,0,127.8,139,10.24 12:30,10.24 22:00
16.38,0,0,0,128,140,10.24 12:35,10.24 22:05
16.32,0,0,0,129,141.2,10.24 12:40,10.24 22:10
16.28,0,0,0,129.8,143,10.24 12:45,10.24 22:15
16.24,0,0,0,130,144,10.24 12:50,10.24 22:20
16.14,0,0,0,131,145.2,10.24 12:55,10.24 22:25
16.12,0,0,0,131.8,147,10.24 13:00,10.24 22:30
16.1,0,0,0,132,148.2,10.24 13:05,10.24 22:35
16.12,0,0,0,132.8,150,10.24 13:10,10.24 22:40
16.08,0,0,0,133,151.2,10.24 13:15,10.24 22:45
16.08,0,0,0,133.8,153,10.24 13:20,10.24 22:50
16.06,0,0,0,134,154.2,10.24 13:25,10.24 22:55
16.1,0,0,0,134.8,156,10.24 13:30,10.24 23:00
16.08,0,0,0,135,158,10.24 13:35,10.24 23:05
16.08,0,0,0,135,159,10.24 13:40,10.24 23:10
16.04,0,0,0,135.8,161,10.24 13:45,10.24 23:15
16.06,0,0,0,136,163,10.24 13:50,10.24 23:20
16.04,0,0,0,136,164.2,10.24 13:55,10.24 23:25
15.98,0,0,0,136.8,166,10.24 14:00,10.24 23:30
15.92,0,0,0,137,168,10.24 14:05,10.24 23:35
15.8,0,0,0,137,170,10.24 14:10,10.24 23:40
15.78,0,0,0,137,171.2,10.24 14:15,10.24 23:45
15.62,0,0,0,137,173,10.24 14:20,10.24 23:50
15.58,0,0,0,137.8,175,10.24 14:25,10.24 23:55
15.46,0,0,0,137.8,177,10.24 14:30,10.25 0:00
15.42,0,0,0,137.8,179,10.24 14:35,10.25 0:05
15.28,0,0,0,137.8,-179,10.24 14:40,10.25 0:10
15.24,0,0,0,137.8,-178,10.24 14:45,10.25 0:15
15.14,0,0,0,137.8,-176,10.24 14:50,10.25 0:20
15.06,0,0,0,137,-174,10.24 14:55,10.25 0:25
14.98,0,0,0,137,-172,10.24 15:00,10.25 0:30
14.9,0,0,0,137,-170,10.24 15:05,10.25 0:35
14.84,0,0,0,137,-169,10.24 15:10,10.25 0:40
14.74,0,0,0,136.8,-167,10.24 15:15,10.25 0:45
14.7,0,0,0,136.8,-165,10.24 15:20,10.25 0:50
14.62,0,0,0,136,-163.2,10.24 15:25,10.25 0:55
14.56,0,0,0,136,-162,10.24 15:30,10.25 1:00
14.48,0,0,0,135.8,-160,10.24 15:35,10.25 1:05
14.44,0,0,0,135,-158.2,10.24 15:40,10.25 1:10
14.34,0,0,0,134.8,-157,10.24 15:45,10.25 1:15
14.28,0,0,0,134,-155,10.24 15:50,10.25 1:20
14.2,0,0,0,134,-154,10.24 15:55,10.25 1:25
14.18,0,0,0,133,-152,10.24 16:00,10.25 1:30
14.14,0,0,0,133,-151,10.24 16:05,10.25 1:35
14.14,0,0,0,132,-149,10.24 16:10,10.25 1:40
14.12,0,0,0,131.8,-148,10.24 16:15,10.25 1:45
14.1,0,0,0,131,-146,10.24 16:20,10.25 1:50
14.08,0,0,0,130.8,-145,10.24 16:25,10.25 1:55
14.06,0,0,0,130,-143.2,10.24 16:30,10.25 2:00
14.04,0,0,0,129,-142,10.24 16:35,10.25 2:05
14.02,0,0,0,128.8,-141,10.24 16:40,10.25 2:10
14,0,0,0,128,-139.2,10.24 16:45,10.25 2:15
14,0,0,0,127,-138,10.24 16:50,10.25 2:20
13.96,0,0,0,126,-137,10.24 16:55,10.25 2:25
13.94,0,0,0,125.8,-136,10.24 17:00,10.25 2:30
13.86,0,0,0,125,-134.2,10.24 17:05,10.25 2:35
13.78,0,0,0,124,-133.2,10.24 17:10,10.25 2:40
13.72,0,0,0,123,-132,10.24 17:15,10.25 2:45
13.64,0,0,0,122.8,-131,10.24 17:20,10.25 2:50
13.56,0,0,0,122,-130,10.24 17:25,10.25 2:55
13.5,0,0,0,121,-129,10.24 17:30,10.25 3:00
13.44,0,0,0,120,-128,10.24 17:35,10.25 3:05
13.34,0,0,0,119,-127,10.24 17:40,10.25 3:10
13.28,0,0,0,118,-126,10.24 17:45,10.25 3:15
13.22,0,0,0,117.8,-125,10.24 17:50,10.25 3:20
13.12,0,0,0,116.8,-124,10.24 17:55,10.25 3:25
13.1,0,0,0,116,-123,10.24 18:00,10.25 3:30
13.02,0,0,0,115,-122,10.24 18:05,10.25 3:35
13,0,0,0,114,-121.2,10.24 18:10,10.25 3:40
12.94,0,0,0,113,-120.2,10.24 18:15,10.25 3:45
12.86,0,0,0,112,-120,10.24 18:20,10.25 3:50
12.84,0,0,0,111,-119,10.24 18:25,10.25 3:55
12.76,0,0,0,110,-118,10.24 18:30,10.25 4:00
12.74,0,0,0,109,-117,10.24 18:35,10.25 4:05
12.66,0,0,0,108,-116,10.24 18:40,10.25 4:10
12.6,0,0,0,107,-115.2,10.24 18:45,10.25 4:15
12.58,0,0,0,106,-115,10.24 18:50,10.25 4:20
12.5,0,0,0,105,-114,10.24 18:55,10.25 4:25
12.5,0,0,0,104,-113,10.24 19:00,10.25 4:30
12.46,0,0,0,103,-112.2,10.24 19:05,10.25 4:35
12.42,0,0,0,102,-112,10.24 19:10,10.25 4:40
12.42,0,0,0,101,-111,10.24 19:15,10.25 4:45
12.4,0,0,0,100,-110,10.24 19:20,10.25 4:50
12.36,0,0,0,99,-109.2,10.24 19:25,10.25 4:55
12.3,0,0,0,98,-109,10.24 19:30,10.25 5:00
12.28,0,0,0,97,-108,10.24 19:35,10.25 5:05
12.24,0,0,0,96,-107.2,10.24 19:40,10.25 5:10
12.24,0,0,0,95,-107,10.24 19:45,10.25 5:15
12.2,0,0,0,94,-106,10.24 19:50,10.25 5:20
12.16,0,0,0,93,-105.2,10.24 19:55,10.25 5:25
12.2,0,0,0,92,-105,10.24 20:00,10.25 5:30
12.3,0,0,0,91,-104,10.24 20:05,10.25 5:35
12.38,0,0,0,90,-103.2,10.24 20:10,10.25 5:40
12.46,5.6,6,6,89,-103,10.24 20:15,10.25 5:45
12.54,12.2,38.8,15.6,88,-102,10.24 20:20,10.25 5:50
12.62,18.8,88.8,26.6,87,-102,10.24 20:25,10.25 5:55
12.72,26.2,157.4,40,86,-101,10.24 20:30,10.25 6:00
12.8,33,230,53.6,85,-100.2,10.24 20:35,10.25 6:05
12.88,37.4,299.4,69.4,84,-100,10.24 20:40,10.25 6:10
12.96,42.8,331.6,84.4,83,-99,10.24 20:45,10.25 6:15
13.04,48.8,355,99.8,82,-98.2,10.24 20:50,10.25 6:20
13.14,60.2,311.8,110.8,80.8,-98,10.24 20:55,10.25 6:25
13.38,66.6,324.8,125.2,79.8,-97,10.24 21:00,10.25 6:30
13.68,62.8,426.4,147.4,78.8,-97,10.24 21:05,10.25 6:35
14.04,76.6,372,157.4,77,-96,10.24 21:10,10.25 6:40
14.34,83.8,374,171.4,76,-95.2,10.24 21:15,10.25 6:45
14.72,75.4,489,199.2,75,-95,10.24 21:20,10.25 6:50
15.02,89.2,444,209.6,74,-94,10.24 21:25,10.25 6:55
15.42,96,449.6,226,73,-93.2,10.24 21:30,10.25 7:00
15.72,96.2,488.2,246.2,72,-93,10.24 21:35,10.25 7:05
16.1,97.2,503.4,260.6,71,-92.2,10.24 21:40,10.25 7:10
16.4,97.8,517.4,274.8,70,-92,10.24 21:45,10.25 7:15
16.76,105.6,518.8,292.4,69,-91,10.24 21:50,10.25 7:20
17.06,115,512,308.2,68,-90.2,10.24 21:55,10.25 7:25
17.3,118.6,523.8,325.2,67,-90,10.24 22:00,10.25 7:30
17.34,125.8,520,339.6,66,-89,10.24 22:05,10.25 7:35
17.46,133.8,523,357.8,64.8,-88.2,10.24 22:10,10.25 7:40
17.52,147.6,503,371.2,63.8,-88,10.24 22:15,10.25 7:45
17.6,137.6,597,413.8,62,-87,10.24 22:20,10.25 7:50
17.66,130.2,653.6,443.4,61,-86.2,10.24 22:25,10.25 7:55
17.74,143.4,625,452.8,60,-86,10.24 22:30,10.25 8:00
17.8,148.6,622.8,467,59,-85,10.24 22:35,10.25 8:05
17.88,152.6,628.4,483.8,58,-84.2,10.24 22:40,10.25 8:10
17.94,158.4,628.8,499.6,57,-84,10.24 22:45,10.25 8:15
18.06,155.6,657,522.2,56,-83,10.24 22:50,10.25 8:20
18.1,146.8,699.6,548,55,-82,10.24 22:55,10.25 8:25
18.22,169.6,631.6,541.4,54,-81.2,10.24 23:00,10.25 8:30
18.4,162,624.8,539,53,-81,10.24 23:05,10.25 8:35
18.54,161.2,635.6,554,52,-80,10.24 23:10,10.25 8:40
18.72,160.4,646.4,568.6,51,-79,10.24 23:15,10.25 8:45
18.88,157.6,663.6,586.4,50,-78.2,10.24 23:20,10.25 8:50
19.04,153.6,681,603.4,48.8,-77.2,10.24 23:25,10.25 8:55
19.18,150.2,684.6,611.8,47.8,-77,10.24 23:30,10.25 9:00
19.36,145.6,694.8,623,46.8,-76,10.24 23:35,10.25 9:05
19.5,165.2,678,639.6,45.8,-75,10.24 23:40,10.25 9:10
19.68,176.8,681.2,662.4,44.8,-74,10.24 23:45,10.25 9:15
19.84,191.6,677.6,683.2,43.8,-73,10.24 23:50,10.25 9:20
20,208.8,667,700.6,42,-72,10.24 23:55,10.25 9:25
20.16,212.2,674,717.4,41,-71,10.25 00:00,10.25 9:30
20.3,202.8,709.6,743,40,-70,10.25 00:05,10.25 9:35
20.4,222.2,671.4,741,39,-69,10.25 00:10,10.25 9:40
20.56,233.4,652.2,744.4,38,-68,10.25 00:15,10.25 9:45
20.68,224.4,682,765.6,37,-66.2,10.25 00:20,10.25 9:50
20.84,239.4,654.6,765.6,36,-65.2,10.25 00:25,10.25 9:55
20.94,232.4,666,774.8,35.8,-64,10.25 00:30,10.25 10:00
21.1,246.2,615,752.8,34.8,-62.2,10.25 00:35,10.25 10:05
21.22,253.2,616.2,766.6,33.8,-61.2,10.25 00:40,10.25 10:10
21.38,275.6,586.4,769.2,32.8,-60,10.25 00:45,10.25 10:15
21.48,256.6,623,786.6,32,-58.2,10.25 00:50,10.25 10:20
21.62,251.4,637.8,799,31,-57,10.25 00:55,10.25 10:25
21.74,267,635.6,817.8,30,-55,10.25 01:00,10.25 10:30
21.86,271.8,635,826.8,29,-53.2,10.25 01:05,10.25 10:35
21.94,277.2,627,829.6,28,-51.2,10.25 01:10,10.25 10:40
22.04,280.8,623.8,834.6,27,-49.2,10.25 01:15,10.25 10:45
22.14,303.8,575.6,818.8,26.8,-47.2,10.25 01:20,10.25 10:50
22.26,316,535.2,797.8,26,-45.2,10.25 01:25,10.25 10:55
22.32,375.8,429,764.4,25,-43,10.25 01:30,10.25 11:00
22.44,333.8,434.2,729.4,24,-40.2,10.25 01:35,10.25 11:05
22.54,326.6,402.2,695,23.8,-38,10.25 01:40,10.25 11:10
22.64,300.2,402.6,670.6,23,-35.2,10.25 01:45,10.25 11:15
22.72,335,404.4,708.8,22,-33,10.25 01:50,10.25 11:20
22.84,329.2,446,743,22,-30,10.25 01:55,10.25 11:25
22.92,334,434.2,738.4,21,-27,10.25 02:00,10.25 11:30
23.02,333.6,424.4,730.2,21,-24,10.25 02:05,10.25 11:35
23.08,365.6,428.4,766.4,20.8,-20.2,10.25 02:10,10.25 11:40
23.18,380.2,436,789.4,20,-17,10.25 02:15,10.25 11:45
23.28,356.2,478.8,806.4,20,-13.2,10.25 02:20,10.25 11:50
23.34,335.2,515,820,19.8,-10,10.25 02:25,10.25 11:55
23.44,357,513.4,840.8,19.8,-6,10.25 02:30,10.25 12:00
23.5,339.4,561.2,868.8,19,-3,10.25 02:35,10.25 12:05
23.6,318.8,606.4,890.8,19,1,10.25 02:40,10.25 12:10
23.7,299,646.4,908.2,19.8,5,10.25 02:45,10.25 12:15
23.76,267.2,705.8,932,19.8,8.2,10.25 02:50,10.25 12:20
23.86,266.6,705.8,930.8,19.8,12,10.25 02:55,10.25 12:25
23.9,283.2,671,913.8,20,16,10.25 03:00,10.25 12:30
23.96,300.6,627.4,888.8,20,19,10.25 03:05,10.25 12:35
24,298,594.2,854,20.8,22.2,10.25 03:10,10.25 12:40
24.06,293,562.8,817.8,21,25.2,10.25 03:15,10.25 12:45
24.1,351,481.8,799,21.8,29,10.25 03:20,10.25 12:50
24.14,362,465.8,793.4,22,31.2,10.25 03:25,10.25 12:55
24.18,304.8,488.2,755,23,34.2,10.25 03:30,10.25 13:00
24.22,315.6,517.6,790.4,23,37,10.25 03:35,10.25 13:05
24.26,311.4,533,798.2,24,40,10.25 03:40,10.25 13:10
24.32,280,567.6,795.6,25,42.2,10.25 03:45,10.25 13:15
24.36,289.8,470.2,714,25.8,44.2,10.25 03:50,10.25 13:20
24.42,227.2,463.4,642.8,26,46.2,10.25 03:55,10.25 13:25
24.42,271.8,443.4,666.8,27,49,10.25 04:00,10.25 13:30
24.42,309,443,700.8,28,51,10.25 04:05,10.25 13:35
24.44,276.2,539.6,749.4,28.8,52.2,10.25 04:10,10.25 13:40
24.48,238,623.2,779.8,29.8,54.2,10.25 04:15,10.25 13:45
24.48,246.2,587,752.2,30,56,10.25 04:20,10.25 13:50
24.48,225,571.2,712.8,31,58,10.25 04:25,10.25 13:55
24.5,214.2,569.6,695.8,32,59.2,10.25 04:30,10.25 14:00
24.5,193.8,567.8,668.8,33,61,10.25 04:35,10.25 14:05
24.5,197,600.8,694.8,34,62.2,10.25 04:40,10.25 14:10
24.54,154.4,675.8,707.8,35,63.2,10.25 04:45,10.25 14:15
24.56,186.4,610.2,680,36,65,10.25 04:50,10.25 14:20
24.56,209.8,566,661.8,37,66,10.25 04:55,10.25 14:25
24.54,201.6,582.8,661.2,38,67.2,10.25 05:00,10.25 14:30
24.54,180.8,607.8,653,39,68.2,10.25 05:05,10.25 14:35
24.5,140.8,697.6,675.8,40,69.2,10.25 05:10,10.25 14:40
24.48,120.4,742.2,681,41,70.2,10.25 05:15,10.25 14:45
24.44,159.2,649.4,642,42,72,10.25 05:20,10.25 14:50
24.44,178,565.6,591.2,43,73,10.25 05:25,10.25 14:55
24.4,155.8,619.8,601.8,44,73.2,10.25 05:30,10.25 15:00
24.4,133.4,680,614,45,74.2,10.25 05:35,10.25 15:05
24.36,134.6,650.4,585.6,46,75.2,10.25 05:40,10.25 15:10
24.34,144.8,611.6,561,47,76.2,10.25 05:45,10.25 15:15
24.3,152.2,558,524.2,48,77.2,10.25 05:50,10.25 15:20
24.3,160.6,527.8,505.2,49,78,10.25 05:55,10.25 15:25
24.26,147.4,557.6,503.8,50,79,10.25 06:00,10.25 15:30
24.24,128.4,602.4,504.8,51,80,10.25 06:05,10.25 15:35
24.18,123.6,592.2,485.2,52,80.2,10.25 06:10,10.25 15:40
24.12,138.4,550.8,466.8,53,81.2,10.25 06:15,10.25 15:45
24.08,114.4,589.4,456.8,54.8,82,10.25 06:20,10.25 15:50
24.04,118.4,586.6,449.8,55.8,83,10.25 06:25,10.25 15:55
24.02,132.6,518.2,417.8,56.8,83.2,10.25 06:30,10.25 16:00
23.98,141,454.2,383.6,58,84,10.25 06:35,10.25 16:05
23.94,145,468,387.8,59,85,10.25 06:40,10.25 16:10
23.88,117.4,518.8,378.4,60,86,10.25 06:45,10.25 16:15
23.82,106.6,553.4,376,61,86.2,10.25 06:50,10.25 16:20
23.8,94.8,574.8,365.2,62,87,10.25 06:55,10.25 16:25
23.76,104.8,527.4,344.2,63,88,10.25 07:00,10.25 16:30
23.72,115.4,483.8,327,64,88.2,10.25 07:05,10.25 16:35
23.68,109,475,308.6,65,89,10.25 07:10,10.25 16:40
23.62,102.4,462,288.8,66,90,10.25 07:15,10.25 16:45
23.58,110.2,397,263.2,67,90.2,10.25 07:20,10.25 16:50
23.54,119.2,351.8,248.8,68,91,10.25 07:25,10.25 16:55
23.5,89.2,437.6,243,69,91.2,10.25 07:30,10.25 17:00
23.46,91.2,508,260.8,70.8,92,10.25 07:35,10.25 17:05
23.42,108.2,326,211,71.8,93,10.25 07:40,10.25 17:10
23.36,103.6,267.4,183.2,73,93.2,10.25 07:45,10.25 17:15
23.32,91,296.6,174.2,74,94,10.25 07:50,10.25 17:20
23.28,82.8,329.4,169.4,75,95,10.25 07:55,10.25 17:25
23.22,69.2,339.2,152.2,76,95.2,10.25 08:00,10.25 17:30
23.12,55.6,350.6,135.2,77,96,10.25 08:05,10.25 17:35
23,57.6,337.6,128,78,96.2,10.25 08:10,10.25 17:40
22.94,53.8,363.8,123.2,79,97,10.25 08:15,10.25 17:45
22.84,55.8,272.4,102.8,80,98,10.25 08:20,10.25 17:50
22.72,48.8,202.8,79.8,81,98.2,10.25 08:25,10.25 17:55
22.68,46,230,77.2,82,99,10.25 08:30,10.25 18:00
22.54,33.2,225.8,60,83,100,10.25 08:35,10.25 18:05
22.46,27,164.6,43.2,84,100,10.25 08:40,10.25 18:10
22.38,27,57.6,32,85,101,10.25 08:45,10.25 18:15
22.26,20,15,21.4,86,101.2,10.25 08:50,10.25 18:20
22.16,13,10,14,87.8,102,10.25 08:55,10.25 18:25
22.02,8,4,8.4,88.8,103,10.25 09:00,10.25 18:30
21.8,1.8,1.4,2,89.8,103.2,10.25 09:05,10.25 18:35
21.6,0,0,0,90.8,104,10.25 09:10,10.25 18:40
21.4,0,0,0,92,105,10.25 09:15,10.25 18:45
21.14,0,0,0,93,105.2,10.25 09:20,10.25 18:50
20.94,0,0,0,94,106,10.25 09:25,10.25 18:55
20.74,0,0,0,95,107,10.25 09:30,10.25 19:00
20.54,0,0,0,96,107.2,10.25 09:35,10.25 19:05
20.28,0,0,0,97,108,10.25 09:40,10.25 19:10
20.08,0,0,0,98,109,10.25 09:45,10.25 19:15
19.88,0,0,0,99,109.2,10.25 09:50,10.25 19:20
19.66,0,0,0,100,110,10.25 09:55,10.25 19:25
19.56,0,0,0,101,111,10.25 10:00,10.25 19:30
19.48,0,0,0,102,111.2,10.25 10:05,10.25 19:35
19.46,0,0,0,103,112.2,10.25 10:10,10.25 19:40
19.42,0,0,0,104,113,10.25 10:15,10.25 19:45
19.4,0,0,0,105,114,10.25 10:20,10.25 19:50
19.32,0,0,0,106,114.2,10.25 10:25,10.25 19:55
19.32,0,0,0,107,115.2,10.25 10:30,10.25 20:00
19.28,0,0,0,108,116,10.25 10:35,10.25 20:05
19.22,0,0,0,109,117,10.25 10:40,10.25 20:10
19.18,0,0,0,109.8,118,10.25 10:45,10.25 20:15
19.18,0,0,0,110.8,118.2,10.25 10:50,10.25 20:20
19.08,0,0,0,111.8,119.2,10.25 10:55,10.25 20:25
19.04,0,0,0,112,120,10.25 11:00,10.25 20:30
18.96,0,0,0,113,121,10.25 11:05,10.25 20:35
18.86,0,0,0,114,122,10.25 11:10,10.25 20:40
18.76,0,0,0,115,123,10.25 11:15,10.25 20:45
18.68,0,0,0,116,124,10.25 11:20,10.25 20:50
18.6,0,0,0,117,125,10.25 11:25,10.25 20:55
18.5,0,0,0,118,126,10.25 11:30,10.25 21:00
18.42,0,0,0,118.8,127,10.25 11:35,10.25 21:05
18.34,0,0,0,119.8,128,10.25 11:40,10.25 21:10
18.24,0,0,0,120,129,10.25 11:45,10.25 21:15
18.14,0,0,0,121,130,10.25 11:50,10.25 21:20
18.06,0,0,0,122,131,10.25 11:55,10.25 21:25
18.02,0,0,0,123,132,10.25 12:00,10.25 21:30
17.96,0,0,0,123.8,133,10.25 12:05,10.25 21:35
17.94,0,0,0,124,134,10.25 12:10,10.25 21:40
17.9,0,0,0,125,135.2,10.25 12:15,10.25 21:45
17.86,0,0,0,126,137,10.25 12:20,10.25 21:50
17.82,0,0,0,126.8,138,10.25 12:25,10.25 21:55
17.78,0,0,0,127,139,10.25 12:30,10.25 22:00
17.74,0,0,0,128,140.2,10.25 12:35,10.25 22:05
17.7,0,0,0,128.8,142,10.25 12:40,10.25 22:10
17.66,0,0,0,129,143,10.25 12:45,10.25 22:15
17.64,0,0,0,130,144.2,10.25 12:50,10.25 22:20
17.58,0,0,0,130.8,146,10.25 12:55,10.25 22:25
17.58,0,0,0,131,147,10.25 13:00,10.25 22:30
17.52,0,0,0,132,149,10.25 13:05,10.25 22:35
17.48,0,0,0,132,150,10.25 13:10,10.25 22:40
17.48,0,0,0,133,152,10.25 13:15,10.25 22:45
17.44,0,0,0,133,153,10.25 13:20,10.25 22:50
17.4,0,0,0,134,155,10.25 13:25,10.25 22:55
17.34,0,0,0,134,156,10.25 13:30,10.25 23:00
17.3,0,0,0,134.8,158,10.25 13:35,10.25 23:05
17.26,0,0,0,135,159.2,10.25 13:40,10.25 23:10
17.26,0,0,0,135,161,10.25 13:45,10.25 23:15
17.22,0,0,0,135.8,163,10.25 13:50,10.25 23:20
17.16,0,0,0,136,165,10.25 13:55,10.25 23:25
17.14,0,0,0,136,166,10.25 14:00,10.25 23:30
17.06,0,0,0,136.8,168,10.25 14:05,10.25 23:35
16.98,0,0,0,136.8,170,10.25 14:10,10.25 23:40
16.9,0,0,0,137,172,10.25 14:15,10.25 23:45
16.84,0,0,0,137,173,10.25 14:20,10.25 23:50
16.76,0,0,0,137,175,10.25 14:25,10.25 23:55
16.68,0,0,0,137,177,10.25 14:30,10.26 0:00
16.6,0,0,0,137,179,10.25 14:35,10.26 0:05
16.54,0,0,0,137,-179,10.25 14:40,10.26 0:10
16.46,0,0,0,137,-178,10.25 14:45,10.26 0:15
16.38,0,0,0,137,-176,10.25 14:50,10.26 0:20
16.3,0,0,0,137,-174,10.25 14:55,10.26 0:25
16.26,0,0,0,137,-172,10.25 15:00,10.26 0:30
16.22,0,0,0,137,-170.2,10.25 15:05,10.26 0:35
16.16,0,0,0,136.8,-169,10.25 15:10,10.26 0:40
16.12,0,0,0,136,-167,10.25 15:15,10.26 0:45
16.04,0,0,0,136,-165,10.25 15:20,10.26 0:50
16.02,0,0,0,136,-164,10.25 15:25,10.26 0:55
15.96,0,0,0,135.8,-162,10.25 15:30,10.26 1:00
15.94,0,0,0,135,-160,10.25 15:35,10.26 1:05
15.86,0,0,0,135,-159,10.25 15:40,10.26 1:10
15.82,0,0,0,134,-157,10.25 15:45,10.26 1:15
15.76,0,0,0,134,-155,10.25 15:50,10.26 1:20
15.72,0,0,0,133.8,-154,10.25 15:55,10.26 1:25
15.7,0,0,0,133,-152,10.25 16:00,10.26 1:30
15.7,0,0,0,132.8,-151,10.25 16:05,10.26 1:35
15.68,0,0,0,132,-149,10.25 16:10,10.26 1:40
15.66,0,0,0,131,-148,10.25 16:15,10.26 1:45
15.64,0,0,0,131,-146.2,10.25 16:20,10.26 1:50
15.66,0,0,0,130,-145,10.25 16:25,10.26 1:55
15.6,0,0,0,129.8,-144,10.25 16:30,10.26 2:00
15.62,0,0,0,129,-142,10.25 16:35,10.26 2:05
15.6,0,0,0,128,-141,10.25 16:40,10.26 2:10
15.58,0,0,0,127.8,-140,10.25 16:45,10.26 2:15
15.56,0,0,0,127,-138.2,10.25 16:50,10.26 2:20
15.56,0,0,0,126,-137,10.25 16:55,10.26 2:25
15.54,0,0,0,125,-136,10.25 17:00,10.26 2:30
15.5,0,0,0,124.8,-135,10.25 17:05,10.26 2:35
15.44,0,0,0,124,-134,10.25 17:10,10.26 2:40
15.4,0,0,0,123,-132.2,10.25 17:15,10.26 2:45
15.36,0,0,0,122,-131.2,10.25 17:20,10.26 2:50
15.32,0,0,0,121.8,-130.2,10.25 17:25,10.26 2:55
15.24,0,0,0,120.8,-129,10.25 17:30,10.26 3:00
15.2,0,0,0,120,-128,10.25 17:35,10.26 3:05
15.16,0,0,0,119,-127,10.25 17:40,10.26 3:10
15.12,0,0,0,118,-126,10.25 17:45,10.26 3:15
15.06,0,0,0,117,-125,10.25 17:50,10.26 3:20
15.02,0,0,0,116,-124.2,10.25 17:55,10.26 3:25
15,0,0,0,115.8,-123.2,10.25 18:00,10.26 3:30
14.98,0,0,0,114.8,-122.2,10.25 18:05,10.26 3:35
14.94,0,0,0,113.8,-122,10.25 18:10,10.26 3:40
14.9,0,0,0,113,-121,10.25 18:15,10.26 3:45
14.88,0,0,0,112,-120,10.25 18:20,10.26 3:50
14.86,0,0,0,111,-119,10.25 18:25,10.26 3:55
14.82,0,0,0,110,-118,10.25 18:30,10.26 4:00
14.8,0,0,0,109,-117.2,10.25 18:35,10.26 4:05
14.78,0,0,0,108,-116.2,10.25 18:40,10.26 4:10
14.74,0,0,0,107,-116,10.25 18:45,10.26 4:15
14.72,0,0,0,106,-115,10.25 18:50,10.26 4:20
14.68,0,0,0,105,-114,10.25 18:55,10.26 4:25
14.68,0,0,0,104,-113.2,10.25 19:00,10.26 4:30
14.66,0,0,0,103,-113,10.25 19:05,10.26 4:35
14.66,0,0,0,102,-112,10.25 19:10,10.26 4:40
14.6,0,0,0,101,-111,10.25 19:15,10.26 4:45
14.6,0,0,0,100,-110.2,10.25 19:20,10.26 4:50
14.58,0,0,0,99,-110,10.25 19:25,10.26 4:55
14.6,0,0,0,98,-109,10.25 19:30,10.26 5:00
14.58,0,0,0,97,-108.2,10.25 19:35,10.26 5:05
14.58,0,0,0,96,-108,10.25 19:40,10.26 5:10
14.52,0,0,0,95,-107,10.25 19:45,10.26 5:15
14.52,0,0,0,94,-106.2,10.25 19:50,10.26 5:20
14.5,0,0,0,93,-106,10.25 19:55,10.26 5:25
14.52,0,0,0,92,-105,10.25 20:00,10.26 5:30
14.56,0,0,0,91,-104.2,10.25 20:05,10.26 5:35
14.6,0.2,0.4,0.4,90,-104,10.25 20:10,10.26 5:40
14.68,7.2,9.4,8,89,-103,10.25 20:15,10.26 5:45
14.72,14.4,35.6,17.4,88,-102.2,10.25 20:20,10.26 5:50
14.76,21,88,28.8,87,-102,10.25 20:25,10.26 5:55
14.8,27.8,148.2,40.8,86,-101,10.25 20:30,10.26 6:00
14.84,31.2,210.4,50.8,85,-101,10.25 20:35,10.26 6:05
14.88,37.6,238.4,64.2,83.8,-100,10.25 20:40,10.26 6:10
14.96,47,265.4,81.4,82.8,-99.2,10.25 20:45,10.26 6:15
15,49.8,343.4,101,81.8,-99,10.25 20:50,10.26 6:20
15.04,54.4,381,117.8,80,-98,10.25 20:55,10.26 6:25
15.2,59.8,377.8,129.6,79,-97.2,10.25 21:00,10.26 6:30
15.4,62,403.4,143.6,78,-97,10.25 21:05,10.26 6:35
15.66,64.8,427.2,159.2,77,-96.2,10.25 21:10,10.26 6:40
15.9,75.8,449.2,183,76,-96,10.25 21:15,10.26 6:45
16.1,75.8,512.2,207.6,75,-95,10.25 21:20,10.26 6:50
16.36,80,529.2,225.8,74,-94.2,10.25 21:25,10.26 6:55
16.54,87.2,521,240.2,73,-94,10.25 21:30,10.26 7:00
16.8,91.4,537.2,258.4,72,-93,10.25 21:35,10.26 7:05
17,89.4,591.6,283.4,71,-93,10.25 21:40,10.26 7:10
17.24,89,626,305.6,70,-92,10.25 21:45,10.26 7:15
17.5,88.6,657.4,327.6,69,-91.2,10.25 21:50,10.26 7:20
17.7,92,665.8,345.8,67.8,-91,10.25 21:55,10.26 7:25
17.88,84,724.8,372.6,66.8,-90,10.25 22:00,10.26 7:30
17.9,85.8,738.6,392.4,65.8,-89.2,10.25 22:05,10.26 7:35
17.98,96.4,717,406,64,-89,10.25 22:10,10.26 7:40
18.04,109.4,684.2,416.8,63,-88,10.25 22:15,10.26 7:45
18.08,121.8,652.2,425.6,62,-87.2,10.25 22:20,10.26 7:50
18.12,123,668.6,445.4,61,-87,10.25 22:25,10.26 7:55
18.18,121.2,697,469,60,-86,10.25 22:30,10.26 8:00
18.22,122.6,710.6,488,59,-85.2,10.25 22:35,10.26 8:05
18.28,133.2,686,497.2,58,-85,10.25 22:40,10.26 8:10
18.32,140.4,663.6,502.8,57,-84,10.25 22:45,10.26 8:15
18.4,134.8,669.8,511.2,56,-83.2,10.25 22:50,10.26 8:20
18.42,144.2,646.6,517.2,55,-82.2,10.25 22:55,10.26 8:25
18.54,138.8,681.4,542,54,-82,10.25 23:00,10.26 8:30
18.68,140.4,686.8,557,53,-81,10.25 23:05,10.26 8:35
18.78,155.8,665.8,569.4,51.8,-80.2,10.25 23:10,10.26 8:40
18.92,192.6,596.8,571.6,50.8,-79.2,10.25 23:15,10.26 8:45
19.08,188.2,610,584.4,49.8,-79,10.25 23:20,10.26 8:50
19.2,190.4,609.8,594.6,48,-78,10.25 23:25,10.26 8:55
19.34,180,623.2,601.8,47,-77,10.25 23:30,10.26 9:00
19.46,167,637.8,607.2,46,-76,10.25 23:35,10.26 9:05
19.62,152.8,661.6,618,45,-75.2,10.25 23:40,10.26 9:10
19.76,138.8,688.8,632,44,-74.2,10.25 23:45,10.26 9:15
19.86,117.2,727,647.2,43,-73.2,10.25 23:50,10.26 9:20
20,112.6,730.8,654,42,-72.2,10.25 23:55,10.26 9:25
20.14,126,730.8,675.8,41,-71.2,10.26 00:00,10.26 9:30
20.28,149.6,686.6,674.2,40,-70.2,10.26 00:05,10.26 9:35
20.46,150.8,696.8,690.8,39,-69.2,10.26 00:10,10.26 9:40
20.62,149.8,710.8,708.8,38,-68,10.26 00:15,10.26 9:45
20.76,148,747.6,743.8,37,-67,10.26 00:20,10.26 9:50
20.92,157.8,750.4,763.6,36,-66,10.26 00:25,10.26 9:55
21.06,186.8,753,802,35,-64.2,10.26 00:30,10.26 10:00
21.22,180.8,790.4,834.2,34,-63,10.26 00:35,10.26 10:05
21.36,160.2,845.2,866.6,33,-62,10.26 00:40,10.26 10:10
21.52,134.4,903,897.2,32,-60.2,10.26 00:45,10.26 10:15
21.7,130.2,915,911,31.8,-59,10.26 00:50,10.26 10:20
21.84,141.4,897,914,30.8,-57,10.26 00:55,10.26 10:25
21.96,140.2,902.6,924.8,29.8,-55.2,10.26 01:00,10.26 10:30
22.06,127,930.4,942.6,29,-54,10.26 01:05,10.26 10:35
22.18,132.4,923.6,948.4,28,-52,10.26 01:10,10.26 10:40
22.3,151,891.2,944.2,27,-50,10.26 01:15,10.26 10:45
22.4,160,876.4,945.8,26,-48,10.26 01:20,10.26 10:50
22.52,161.2,876.6,952.4,25.8,-46,10.26 01:25,10.26 10:55
22.62,164.6,872.8,957.2,25,-43.2,10.26 01:30,10.26 11:00
22.74,169.6,865,959.8,24,-41,10.26 01:35,10.26 11:05
22.84,186.6,832,950.8,23,-38.2,10.26 01:40,10.26 11:10
22.96,183.2,841.6,959.8,22.8,-36,10.26 01:45,10.26 11:15
23.08,196.2,814.4,951.2,22,-33,10.26 01:50,10.26 11:20
23.18,202.6,800.4,947.6,21.8,-30,10.26 01:55,10.26 11:25
23.32,207.4,791,945.4,21,-27,10.26 02:00,10.26 11:30
23.44,207.8,791.2,948.8,20.8,-24,10.26 02:05,10.26 11:35
23.6,205.6,798.8,955.4,20,-21,10.26 02:10,10.26 11:40
23.74,203,806.4,962,20,-17,10.26 02:15,10.26 11:45
23.86,200.4,814.2,968,19.8,-14,10.26 02:20,10.26 11:50
24.02,195.4,826.4,975.2,19,-10,10.26 02:25,10.26 11:55
24.14,193.4,831,978.8,19,-6,10.26 02:30,10.26 12:00
24.3,190.8,836.2,981.2,19,-3,10.26 02:35,10.26 12:05
24.42,192,833,979.4,19,1,10.26 02:40,10.26 12:10
24.56,193.2,830,977.6,19,5,10.26 02:45,10.26 12:15
24.72,204.4,800.6,960.6,19,9,10.26 02:50,10.26 12:20
24.84,204.8,798,957.4,19,12.2,10.26 02:55,10.26 12:25
24.94,207,788.8,950,19.8,16,10.26 03:00,10.26 12:30
25.02,205,783.6,941.6,20,19.2,10.26 03:05,10.26 12:35
25.06,200.2,784.2,935.2,20,23,10.26 03:10,10.26 12:40
25.12,191,784.4,924.4,21,26,10.26 03:15,10.26 12:45
25.2,190,785,921,21,29,10.26 03:20,10.26 12:50
25.24,188.8,785,917.4,22,32,10.26 03:25,10.26 12:55
25.3,194,784.6,919.2,22.8,35,10.26 03:30,10.26 13:00
25.34,195.6,783.6,916.4,23,37.2,10.26 03:35,10.26 13:05
25.42,195,782.6,911.4,24,40.2,10.26 03:40,10.26 13:10
25.48,198.2,781.4,909.4,24.8,43,10.26 03:45,10.26 13:15
25.54,199.4,779.8,905.2,25,45,10.26 03:50,10.26 13:20
25.6,196.8,784.4,902,26,47.2,10.26 03:55,10.26 13:25
25.62,191,777.2,885,27,49.2,10.26 04:00,10.26 13:30
25.62,176.2,775.8,863.8,27.8,51.2,10.26 04:05,10.26 13:35
25.64,169,774.2,850,28,53.2,10.26 04:10,10.26 13:40
25.62,158,772.4,831.4,29,55,10.26 04:15,10.26 13:45
25.62,136,770.6,802.4,30,56.2,10.26 04:20,10.26 13:50
25.62,127.4,768.8,786,31,58.2,10.26 04:25,10.26 13:55
25.66,117.4,766.6,767.8,32,60,10.26 04:30,10.26 14:00
25.66,106.4,764.4,748,33,61.2,10.26 04:35,10.26 14:05
25.66,102.4,762.2,735.4,34,63,10.26 04:40,10.26 14:10
25.64,100.2,759.8,723.8,35,64,10.26 04:45,10.26 14:15
25.66,99.6,757,713.8,36,65.2,10.26 04:50,10.26 14:20
25.66,102.4,754.6,706.6,37,66.2,10.26 04:55,10.26 14:25
25.66,112.4,751.6,706.8,38,68,10.26 05:00,10.26 14:30
25.62,116.4,748.6,700.2,39,69,10.26 05:05,10.26 14:35
25.64,120.4,745.6,693.6,40,70,10.26 05:10,10.26 14:40
25.6,114.4,742.4,676.6,41,71,10.26 05:15,10.26 14:45
25.58,115.4,739.2,666.4,42,72,10.26 05:20,10.26 14:50
25.56,111.2,735.4,650.8,43,73,10.26 05:25,10.26 14:55
25.56,118.8,732,646.8,44,74,10.26 05:30,10.26 15:00
25.54,126.2,727.8,642.2,45,75,10.26 05:35,10.26 15:05
25.52,128.8,724,632.6,46,76,10.26 05:40,10.26 15:10
25.48,129,719.8,620.2,47,77,10.26 05:45,10.26 15:15
25.5,127.2,715.2,605.8,48,78,10.26 05:50,10.26 15:20
25.46,121,710.6,587,49,78.2,10.26 05:55,10.26 15:25
25.46,119.4,705.6,572.4,50,79.2,10.26 06:00,10.26 15:30
25.42,120.4,700.8,559.8,51,80,10.26 06:05,10.26 15:35
25.36,128.6,695.2,554.6,52,81,10.26 06:10,10.26 15:40
25.36,127.4,689.8,540.2,53,82,10.26 06:15,10.26 15:45
25.32,131.4,683.8,530.2,54,82.2,10.26 06:20,10.26 15:50
25.28,134,677.4,519.2,55,83,10.26 06:25,10.26 15:55
25.24,134.2,671.2,505.4,56,84,10.26 06:30,10.26 16:00
25.2,135.4,676.8,499,57.8,84.2,10.26 06:35,10.26 16:05
25.16,120.6,657.4,463.2,58.8,85.2,10.26 06:40,10.26 16:10
25.16,124.4,650.2,453,60,86,10.26 06:45,10.26 16:15
25.1,116.2,642.2,430.4,61,87,10.26 06:50,10.26 16:20
25.06,113.6,634,413.4,62,87.2,10.26 06:55,10.26 16:25
25.06,107.6,625.2,392.8,63,88,10.26 07:00,10.26 16:30
25,105.8,615.8,376.6,64,89,10.26 07:05,10.26 16:35
24.96,105,606,361.2,65,89.2,10.26 07:10,10.26 16:40
24.9,100,596,341.8,66,90,10.26 07:15,10.26 16:45
24.9,97.2,584.8,324.4,67,91,10.26 07:20,10.26 16:50
24.84,97,573.2,310.2,68,91,10.26 07:25,10.26 16:55
24.8,99.4,561,297.8,69,92,10.26 07:30,10.26 17:00
24.74,96.2,548.6,280.6,70,92.2,10.26 07:35,10.26 17:05
24.74,92,534.4,262.2,71,93,10.26 07:40,10.26 17:10
24.68,88,520,244.4,72.8,94,10.26 07:45,10.26 17:15
24.64,82.4,504.4,225,73.8,94.2,10.26 07:50,10.26 17:20
24.58,79.4,496.4,211,75,95,10.26 07:55,10.26 17:25
24.56,74.8,469.2,191,76,96,10.26 08:00,10.26 17:30
24.48,69.2,449.6,172.4,77,96,10.26 08:05,10.26 17:35
24.4,64.6,428.4,155,78,97,10.26 08:10,10.26 17:40
24.28,59.4,405.2,137.6,79,97.2,10.26 08:15,10.26 17:45
24.2,54.2,380.2,120.6,80,98,10.26 08:20,10.26 17:50
24.12,48.4,352.6,103.6,81,99,10.26 08:25,10.26 17:55
24.06,46.8,278,85.2,82,99.2,10.26 08:30,10.26 18:00
23.98,39.6,236.4,68,83,100,10.26 08:35,10.26 18:05
23.9,35.6,190.6,55,84,100.2,10.26 08:40,10.26 18:10
23.78,31,115,41.2,85,101,10.26 08:45,10.26 18:15
23.7,24.2,57.2,29.4,86,102,10.26 08:50,10.26 18:20
23.62,15.6,42.8,19.2,87,102.2,10.26 08:55,10.26 18:25
23.54,10.4,12.2,11.4,88,103,10.26 09:00,10.26 18:30
23.32,3,5.2,3.6,89,104,10.26 09:05,10.26 18:35
23.14,0,0,0,90,104.2,10.26 09:10,10.26 18:40
22.92,0,0,0,91.8,105,10.26 09:15,10.26 18:45
22.76,0,0,0,92.8,106,10.26 09:20,10.26 18:50
22.54,0,0,0,93.8,106.2,10.26 09:25,10.26 18:55
22.4,0,0,0,94.8,107,10.26 09:30,10.26 19:00
22.18,0,0,0,95.8,108,10.26 09:35,10.26 19:05
22.02,0,0,0,96.8,108.2,10.26 09:40,10.26 19:10
21.8,0,0,0,97.8,109,10.26 09:45,10.26 19:15
21.62,0,0,0,99,110,10.26 09:50,10.26 19:20
21.4,0,0,0,100,110.2,10.26 09:55,10.26 19:25
21.32,0,0,0,101,111,10.26 10:00,10.26 19:30
21.28,0,0,0,102,112,10.26 10:05,10.26 19:35
21.22,0,0,0,102.8,113,10.26 10:10,10.26 19:40
21.18,0,0,0,103.8,113.2,10.26 10:15,10.26 19:45
21.1,0,0,0,104.8,114,10.26 10:20,10.26 19:50
21.08,0,0,0,105.8,115,10.26 10:25,10.26 19:55
21.02,0,0,0,106.8,116,10.26 10:30,10.26 20:00
21,0,0,0,107.8,116.2,10.26 10:35,10.26 20:05
20.92,0,0,0,108.8,117,10.26 10:40,10.26 20:10
20.88,0,0,0,109,118,10.26 10:45,10.26 20:15
20.82,0,0,0,110,119,10.26 10:50,10.26 20:20
20.78,0,0,0,111,120,10.26 10:55,10.26 20:25
20.74,0,0,0,112,120.2,10.26 11:00,10.26 20:30
20.64,0,0,0,113,121.2,10.26 11:05,10.26 20:35
20.56,0,0,0,114,122.2,10.26 11:10,10.26 20:40
20.46,0,0,0,115,123,10.26 11:15,10.26 20:45
20.42,0,0,0,116,124,10.26 11:20,10.26 20:50
20.3,0,0,0,117,125,10.26 11:25,10.26 20:55
20.24,0,0,0,117.8,126,10.26 11:30,10.26 21:00
20.12,0,0,0,118,127,10.26 11:35,10.26 21:05
20.08,0,0,0,119,128,10.26 11:40,10.26 21:10
19.98,0,0,0,120,129,10.26 11:45,10.26 21:15
19.92,0,0,0,121,130,10.26 11:50,10.26 21:20
19.82,0,0,0,122,131,10.26 11:55,10.26 21:25
19.74,0,0,0,122.8,132.2,10.26 12:00,10.26 21:30
19.64,0,0,0,123,133.2,10.26 12:05,10.26 21:35
19.56,0,0,0,124,134.2,10.26 12:10,10.26 21:40
19.5,0,0,0,125,136,10.26 12:15,10.26 21:45
19.4,0,0,0,125.8,137,10.26 12:20,10.26 21:50
19.3,0,0,0,126,138,10.26 12:25,10.26 21:55
19.26,0,0,0,127,139.2,10.26 12:30,10.26 22:00
19.16,0,0,0,128,141,10.26 12:35,10.26 22:05
19.06,0,0,0,128,142,10.26 12:40,10.26 22:10
19,0,0,0,129,143,10.26 12:45,10.26 22:15
18.92,0,0,0,129.8,145,10.26 12:50,10.26 22:20
18.82,0,0,0,130,146,10.26 12:55,10.26 22:25
18.78,0,0,0,131,147.2,10.26 13:00,10.26 22:30
18.7,0,0,0,131.8,149,10.26 13:05,10.26 22:35
18.66,0,0,0,132,150.2,10.26 13:10,10.26 22:40
18.62,0,0,0,132.8,152,10.26 13:15,10.26 22:45
18.54,0,0,0,133,153.2,10.26 13:20,10.26 22:50
18.5,0,0,0,133.8,155,10.26 13:25,10.26 22:55
18.44,0,0,0,134,156.2,10.26 13:30,10.26 23:00
18.4,0,0,0,134,158,10.26 13:35,10.26 23:05
18.32,0,0,0,134.8,160,10.26 13:40,10.26 23:10
18.28,0,0,0,135,161,10.26 13:45,10.26 23:15
18.24,0,0,0,135,163,10.26 13:50,10.26 23:20
18.16,0,0,0,135.8,165,10.26 13:55,10.26 23:25
18.14,0,0,0,136,166.2,10.26 14:00,10.26 23:30
18.06,0,0,0,136,168,10.26 14:05,10.26 23:35
18,0,0,0,136,170,10.26 14:10,10.26 23:40
17.94,0,0,0,136.8,172,10.26 14:15,10.26 23:45
17.86,0,0,0,136.8,173,10.26 14:20,10.26 23:50
17.8,0,0,0,137,175,10.26 14:25,10.26 23:55
17.72,0,0,0,137,177,10.26 14:30,10.27 0:00
17.66,0,0,0,137,179,10.26 14:35,10.27 0:05
17.58,0,0,0,137,-179,10.26 14:40,10.27 0:10
17.52,0,0,0,137,-178,10.26 14:45,10.27 0:15
17.46,0,0,0,137,-176,10.26 14:50,10.27 0:20
17.38,0,0,0,136.8,-174,10.26 14:55,10.27 0:25
17.36,0,0,0,136.8,-172,10.26 15:00,10.27 0:30
17.3,0,0,0,136.8,-171,10.26 15:05,10.27 0:35
17.24,0,0,0,136,-169,10.26 15:10,10.27 0:40
17.2,0,0,0,136,-167,10.26 15:15,10.27 0:45
17.18,0,0,0,135.8,-165,10.26 15:20,10.27 0:50
17.1,0,0,0,135.8,-164,10.26 15:25,10.27 0:55
17.06,0,0,0,135,-162,10.26 15:30,10.27 1:00
17,0,0,0,135,-160,10.26 15:35,10.27 1:05
16.96,0,0,0,134.8,-159,10.26 15:40,10.27 1:10
16.92,0,0,0,134,-157,10.26 15:45,10.27 1:15
16.88,0,0,0,133.8,-155.2,10.26 15:50,10.27 1:20
16.8,0,0,0,133,-154,10.26 15:55,10.27 1:25
16.8,0,0,0,132.8,-152.2,10.26 16:00,10.27 1:30
16.78,0,0,0,132,-151,10.26 16:05,10.27 1:35
16.7,0,0,0,131.8,-149.2,10.26 16:10,10.27 1:40
16.68,0,0,0,131,-148,10.26 16:15,10.27 1:45
16.62,0,0,0,130.8,-147,10.26 16:20,10.27 1:50
16.6,0,0,0,130,-145,10.26 16:25,10.27 1:55
16.58,0,0,0,129,-144,10.26 16:30,10.27 2:00
16.56,0,0,0,128.8,-142.2,10.26 16:35,10.27 2:05
16.5,0,0,0,128,-141,10.26 16:40,10.27 2:10
16.48,0,0,0,127,-140,10.26 16:45,10.27 2:15
16.4,0,0,0,126.8,-139,10.26 16:50,10.27 2:20
16.38,0,0,0,126,-137.2,10.26 16:55,10.27 2:25
16.38,0,0,0,125,-136,10.26 17:00,10.27 2:30
16.32,0,0,0,124,-135,10.26 17:05,10.27 2:35
16.24,0,0,0,123.8,-134,10.26 17:10,10.27 2:40
16.2,0,0,0,123,-133,10.26 17:15,10.27 2:45
16.16,0,0,0,122,-132,10.26 17:20,10.27 2:50
16.1,0,0,0,121,-131,10.26 17:25,10.27 2:55
16.06,0,0,0,120,-129.2,10.26 17:30,10.27 3:00
16.02,0,0,0,119.8,-128.2,10.26 17:35,10.27 3:05
15.96,0,0,0,118.8,-127.2,10.26 17:40,10.27 3:10
15.92,0,0,0,118,-126.2,10.26 17:45,10.27 3:15
15.84,0,0,0,117,-125.2,10.26 17:50,10.27 3:20
15.78,0,0,0,116,-125,10.26 17:55,10.27 3:25
15.78,0,0,0,115,-124,10.26 18:00,10.27 3:30
15.7,0,0,0,114,-123,10.26 18:05,10.27 3:35
15.7,0,0,0,113,-122,10.26 18:10,10.27 3:40
15.62,0,0,0,112.8,-121,10.26 18:15,10.27 3:45
15.6,0,0,0,111.8,-120,10.26 18:20,10.27 3:50
15.54,0,0,0,110.8,-119,10.26 18:25,10.27 3:55
15.52,0,0,0,110,-118.2,10.26 18:30,10.27 4:00
15.46,0,0,0,109,-118,10.26 18:35,10.27 4:05
15.44,0,0,0,108,-117,10.26 18:40,10.27 4:10
15.36,0,0,0,107,-116,10.26 18:45,10.27 4:15
15.36,0,0,0,106,-115,10.26 18:50,10.27 4:20
15.28,0,0,0,105,-114.2,10.26 18:55,10.27 4:25
15.28,0,0,0,104,-114,10.26 19:00,10.27 4:30
15.24,0,0,0,103,-113,10.26 19:05,10.27 4:35
15.2,0,0,0,102,-112,10.26 19:10,10.27 4:40
15.18,0,0,0,101,-111.2,10.26 19:15,10.27 4:45
15.14,0,0,0,100,-111,10.26 19:20,10.27 4:50
15.12,0,0,0,99,-110,10.26 19:25,10.27 4:55
15.06,0,0,0,98,-109.2,10.26 19:30,10.27 5:00
15.04,0,0,0,97,-109,10.26 19:35,10.27 5:05
15,0,0,0,96,-108,10.26 19:40,10.27 5:10
14.98,0,0,0,95,-107.2,10.26 19:45,10.27 5:15
14.94,0,0,0,94,-107,10.26 19:50,10.27 5:20
14.9,0,0,0,93,-106,10.26 19:55,10.27 5:25
14.92,0,0,0,92,-105.2,10.26 20:00,10.27 5:30
15.02,0,0,0,91,-105,10.26 20:05,10.27 5:35
15.08,1.2,2.6,1.6,90,-104,10.26 20:10,10.27 5:40
15.18,6,23.4,8,89,-103.2,10.26 20:15,10.27 5:45
15.24,11.6,62.4,16.8,87.8,-103,10.26 20:20,10.27 5:50
15.32,17,119.6,27,86.8,-102,10.26 20:25,10.27 5:55
15.38,21.8,194.6,38.8,85.8,-101.2,10.26 20:30,10.27 6:00
15.46,29.2,245.6,53,84.8,-101,10.26 20:35,10.27 6:05
15.52,30.8,262.4,61.2,83,-100.2,10.26 20:40,10.27 6:10
15.62,32.4,287,70.6,82,-100,10.26 20:45,10.27 6:15
15.68,39,309.2,85.8,81,-99,10.26 20:50,10.27 6:20
15.78,46.4,329.4,102.2,80,-98.2,10.26 20:55,10.27 6:25
15.92,49.4,347.4,115,79,-98,10.26 21:00,10.27 6:30
16.18,51.8,364,126.8,78,-97,10.26 21:05,10.27 6:35
16.42,53.4,379.2,138.6,77,-97,10.26 21:10,10.27 6:40
16.64,55,393,150.4,76,-96,10.26 21:15,10.27 6:45
16.88,58.4,406,164,75,-95.2,10.26 21:20,10.27 6:50
17.12,61.6,417.6,178,74,-95,10.26 21:25,10.27 6:55
17.42,72.2,428.8,199.2,73,-94,10.26 21:30,10.27 7:00
17.66,83.6,439,221.6,72,-93.2,10.26 21:35,10.27 7:05
17.9,95.8,448.8,244.4,71,-93,10.26 21:40,10.27 7:10
18.12,107.2,457.8,267.2,69.8,-92.2,10.26 21:45,10.27 7:15
18.38,107.6,468,279.2,68.8,-92,10.26 21:50,10.27 7:20
18.62,93.2,512,290,67,-91,10.26 21:55,10.27 7:25
18.72,106.8,481.6,300,66,-90.2,10.26 22:00,10.27 7:30
18.72,106.8,488.2,311,65,-90,10.26 22:05,10.27 7:35
18.76,126,494.6,341.4,64,-89,10.26 22:10,10.27 7:40
18.74,132.2,530.6,372,63,-88.2,10.26 22:15,10.27 7:45
18.74,146.2,537.6,398.2,62,-88,10.26 22:20,10.27 7:50
18.74,147.4,570.2,423.8,61,-87,10.26 22:25,10.27 7:55
18.72,153,554.6,431.4,60,-86.2,10.26 22:30,10.27 8:00
18.72,145,568.8,439.6,59,-86,10.26 22:35,10.27 8:05
18.72,130.4,630,466.4,58,-85,10.26 22:40,10.27 8:10
18.7,118.6,674.4,489,57,-84.2,10.26 22:45,10.27 8:15
18.74,162.2,556.2,476.2,56,-84,10.26 22:50,10.27 8:20
18.74,153.8,539.6,466.8,54.8,-83,10.26 22:55,10.27 8:25
18.78,177.4,548.2,503.6,53.8,-82,10.26 23:00,10.27 8:30
18.94,163.2,621.6,542,52.8,-81.2,10.26 23:05,10.27 8:35
19.08,173.2,636.8,570.6,51,-81,10.26 23:10,10.27 8:40
19.26,173.8,662.4,596.6,50,-80,10.26 23:15,10.27 8:45
19.42,197,603.6,591.2,49,-79,10.26 23:20,10.27 8:50
19.56,209.6,563.4,585.2,48,-78.2,10.26 23:25,10.27 8:55
19.72,193.8,562.8,576.4,47,-77.2,10.26 23:30,10.27 9:00
19.88,179.6,565.4,571.4,46,-76.2,10.26 23:35,10.27 9:05
20.02,182.2,601.2,606.6,45,-76,10.26 23:40,10.27 9:10
20.2,134.8,705,641.4,44,-75,10.26 23:45,10.27 9:15
20.36,161.8,649.8,636.8,43,-74,10.26 23:50,10.27 9:20
20.5,183,602.4,631,42,-73,10.26 23:55,10.27 9:25
20.64,176.6,576.8,612.4,41,-72,10.27 00:00,10.27 9:30
20.78,153.6,578.8,597.6,40,-71,10.27 00:05,10.27 9:35
20.92,165.8,580.8,617.6,39,-70,10.27 00:10,10.27 9:40
21.04,177.6,582.4,637.4,38,-68.2,10.27 00:15,10.27 9:45
21.18,184.6,584.4,651.4,37,-67.2,10.27 00:20,10.27 9:50
21.32,189.4,585.8,663.6,36,-66,10.27 00:25,10.27 9:55
21.48,173,587.2,654.2,35,-65,10.27 00:30,10.27 10:00
21.62,160.4,588.6,648.6,34,-63.2,10.27 00:35,10.27 10:05
21.76,173,590.2,667.6,33,-62,10.27 00:40,10.27 10:10
21.88,185.2,591.6,686.2,32,-61,10.27 00:45,10.27 10:15
22.02,191.8,592.6,698.8,31,-59.2,10.27 00:50,10.27 10:20
22.16,196.4,593.8,709.2,30,-57.2,10.27 00:55,10.27 10:25
22.28,182,587.4,693.8,29,-56,10.27 01:00,10.27 10:30
22.38,181.4,572.6,685,28.8,-54.2,10.27 01:05,10.27 10:35
22.44,229.8,602.4,763.4,27.8,-52.2,10.27 01:10,10.27 10:40
22.54,167.8,738.4,827,27,-50.2,10.27 01:15,10.27 10:45
22.64,176.4,710.4,815,26,-48.2,10.27 01:20,10.27 10:50
22.7,190.6,673.6,800,25,-46.2,10.27 01:25,10.27 10:55
22.8,266,529.4,748,24.8,-44,10.27 01:30,10.27 11:00
22.86,232.4,515.2,704.2,24,-41.2,10.27 01:35,10.27 11:05
22.96,257.6,570.8,783.2,23,-39,10.27 01:40,10.27 11:10
23.06,186.2,715.4,848,22,-36.2,10.27 01:45,10.27 11:15
23.12,185.2,717,851.2,22,-33.2,10.27 01:50,10.27 11:20
23.22,178.6,728.4,857.8,21,-30.2,10.27 01:55,10.27 11:25
23.3,178.2,724.6,856.6,20.8,-27.2,10.27 02:00,10.27 11:30
23.44,174.2,726,855.6,20,-24,10.27 02:05,10.27 11:35
23.52,161.6,727.2,845.6,20,-21,10.27 02:10,10.27 11:40
23.6,158.4,712,830,19.8,-17.2,10.27 02:15,10.27 11:45
23.72,144,728.8,832.4,19,-14,10.27 02:20,10.27 11:50
23.82,139.2,729.4,829.4,19,-10,10.27 02:25,10.27 11:55
23.9,135,741,836.8,19,-6,10.27 02:30,10.27 12:00
24.02,149.6,719.4,831.4,18.8,-3,10.27 02:35,10.27 12:05
24.12,148.8,730.4,840.8,18.8,1,10.27 02:40,10.27 12:10
24.2,151,736,848,18.8,5,10.27 02:45,10.27 12:15
24.3,154,741.2,855.6,19,9,10.27 02:50,10.27 12:20
24.42,152.2,752.2,863.2,19,13,10.27 02:55,10.27 12:25
24.48,138.4,762.8,858.2,19,16,10.27 03:00,10.27 12:30
24.5,126,773.8,854.8,19.8,20,10.27 03:05,10.27 12:35
24.56,129.8,782.4,864.8,20,23,10.27 03:10,10.27 12:40
24.6,138.4,781.6,870.6,20.8,26.2,10.27 03:15,10.27 12:45
24.62,143,781.4,872.6,21,29.2,10.27 03:20,10.27 12:50
24.64,148.2,781,874.6,21.8,32.2,10.27 03:25,10.27 12:55
24.74,162.6,773.6,879.6,22,35.2,10.27 03:30,10.27 13:00
24.76,180.4,761.2,882,23,38.2,10.27 03:35,10.27 13:05
24.78,193.8,759.6,890.4,23.8,41,10.27 03:40,10.27 13:10
24.82,196.6,768.8,897.8,24,43.2,10.27 03:45,10.27 13:15
24.88,166.6,776.8,871.4,25,45.2,10.27 03:50,10.27 13:20
24.9,143,776,842,26,48,10.27 03:55,10.27 13:25
24.92,135,774.8,828.4,26.8,50,10.27 04:00,10.27 13:30
24.92,127.4,773.6,815,27,52,10.27 04:05,10.27 13:35
24.94,125.4,772.4,806.2,28,54,10.27 04:10,10.27 13:40
24.92,125,771.2,798.6,29,55.2,10.27 04:15,10.27 13:45
24.92,135.2,769.6,802.2,30,57.2,10.27 04:20,10.27 13:50
24.92,143.2,768.2,802.6,31,59,10.27 04:25,10.27 13:55
24.92,184,650.2,736.4,32,60.2,10.27 04:30,10.27 14:00
24.92,178,590,674.8,33,62,10.27 04:35,10.27 14:05
24.92,174.2,615.8,686.6,34,63.2,10.27 04:40,10.27 14:10
24.9,141.6,678.2,700,34.8,64.2,10.27 04:45,10.27 14:15
24.92,110.2,744.8,715.8,35.8,66,10.27 04:50,10.27 14:20
24.92,103.8,757.2,711.8,36.8,67,10.27 04:55,10.27 14:25
24.88,103.8,755.2,702.2,37.8,68.2,10.27 05:00,10.27 14:30
24.82,102.4,752.8,691.2,38.8,69.2,10.27 05:05,10.27 14:35
24.8,96,750.4,674.2,39.8,70.2,10.27 05:10,10.27 14:40
24.72,90.2,747.6,658.2,40.8,71.2,10.27 05:15,10.27 14:45
24.66,92.8,745.4,649.8,41.8,72.2,10.27 05:20,10.27 14:50
24.6,94.8,742.4,641,43,73.2,10.27 05:25,10.27 14:55
24.58,94.4,739.4,629.4,44,74.2,10.27 05:30,10.27 15:00
24.52,93.8,736.2,617.2,45,75.2,10.27 05:35,10.27 15:05
24.46,92,733,604,46,76.2,10.27 05:40,10.27 15:10
24.38,90.2,729.6,590.2,47,77.2,10.27 05:45,10.27 15:15
24.36,90.4,726.4,577.8,48,78,10.27 05:50,10.27 15:20
24.3,90.2,722.4,565.4,49,79,10.27 05:55,10.27 15:25
24.26,90.6,718.6,553.2,50,80,10.27 06:00,10.27 15:30
24.26,90.4,714.4,540.6,51,80.2,10.27 06:05,10.27 15:35
24.28,87,710,523.6,52,81.2,10.27 06:10,10.27 15:40
24.22,84.8,705.6,508,53,82,10.27 06:15,10.27 15:45
24.22,91.2,700.6,501.4,54,83,10.27 06:20,10.27 15:50
24.22,97.8,695.6,494.6,55,83.2,10.27 06:25,10.27 15:55
24.26,104.4,690.2,487.2,56,84.2,10.27 06:30,10.27 16:00
24.26,108.4,684,477.4,57,85,10.27 06:35,10.27 16:05
24.26,93.6,677.6,448.6,58,86,10.27 06:40,10.27 16:10
24.2,82.2,670.8,422.6,59.8,86.2,10.27 06:45,10.27 16:15
24.22,88,663.8,414.2,60.8,87,10.27 06:50,10.27 16:20
24.22,92.6,655.6,404.2,62,88,10.27 06:55,10.27 16:25
24.22,88,648.4,385.4,63,88.2,10.27 07:00,10.27 16:30
24.2,84.2,639.8,367,64,89,10.27 07:05,10.27 16:35
24.2,85.4,631,353.4,65,90,10.27 07:10,10.27 16:40
24.18,85,621.6,338.6,66,90.2,10.27 07:15,10.27 16:45
24.16,84.2,611.4,323.6,67,91,10.27 07:20,10.27 16:50
24.16,82.6,600.6,307.2,68,91.2,10.27 07:25,10.27 16:55